ts_code,date,open,high,low,close,pre_close,change,pct_chg,vol,amount
001255.SZ,2022-09-30,23.48,28.18,23.48,28.18,19.57,8.61,44.0,12668.52,35844.742
001255.SZ,2022-10-10,31.0,31.0,31.0,31.0,28.18,2.8200000000000003,10.01,2530.04,7924.085
001255.SZ,2022-10-11,34.1,34.1,34.1,34.1,31.0,3.1000000000000014,10.0,1260.47,4342.319
001255.SZ,2022-10-12,37.51,37.51,37.51,37.51,34.1,3.4099999999999966,10.0,1172.09,4442.221
001255.SZ,2022-10-13,41.26,41.26,36.09,36.35,37.51,-1.1599999999999966,-3.09,134314.42,521209.023
001255.SZ,2022-10-14,33.28,34.31,32.71,32.71,36.35,-3.6400000000000006,-10.01,102582.68,342905.732
001255.SZ,2022-10-17,31.57,33.06,31.13,32.52,32.71,-0.18999999999999773,-0.58,65003.41,210102.026
001255.SZ,2022-10-18,32.57,34.66,31.8,34.64,32.52,2.1199999999999974,6.52,86539.92,290884.846
001255.SZ,2022-10-19,33.59,34.69,33.36,33.85,34.64,-0.7899999999999991,-2.28,67483.0,231855.362
001255.SZ,2022-10-20,33.95,33.95,31.56,31.57,33.85,-2.280000000000001,-6.74,55581.73,183776.132
001255.SZ,2022-10-21,31.43,32.66,30.71,30.81,31.57,-0.7600000000000016,-2.41,45527.97,146066.062
001255.SZ,2022-10-24,30.67,31.43,29.69,30.02,30.81,-0.7899999999999991,-2.56,39677.71,122378.577
001255.SZ,2022-10-25,29.77,30.07,28.78,29.68,30.02,-0.33999999999999986,-1.13,31630.83,94017.2
001255.SZ,2022-10-26,29.58,30.87,29.51,30.33,29.68,0.6499999999999986,2.19,38850.65,118246.598
001255.SZ,2022-10-27,29.99,30.46,28.9,28.91,30.33,-1.4199999999999982,-4.68,36192.35,108390.241
001255.SZ,2022-10-28,29.03,29.97,28.74,29.35,28.91,0.4400000000000013,1.52,34520.87,102467.753
001255.SZ,2022-10-31,28.85,29.89,28.51,29.6,29.35,0.25,0.85,28781.87,85596.202
001255.SZ,2022-11-01,29.99,31.13,29.3,30.57,29.6,0.9699999999999989,3.28,41408.34,126995.222
001255.SZ,2022-11-02,30.24,30.83,29.97,30.35,30.57,-0.21999999999999886,-0.72,37859.96,116091.446
001255.SZ,2022-11-03,29.83,30.66,29.74,30.52,30.35,0.16999999999999815,0.56,32188.01,98376.844
001255.SZ,2022-11-04,30.25,32.91,30.25,32.27,30.52,1.7500000000000036,5.73,69027.07,221767.379
001255.SZ,2022-11-07,33.61,35.49,33.61,35.49,32.27,3.219999999999999,9.98,51119.42,181424.66
001255.SZ,2022-11-08,36.62,39.05,36.01,39.05,35.49,3.559999999999995,10.03,58816.46,227442.61
001255.SZ,2022-11-09,40.61,41.45,36.47,36.57,39.05,-2.479999999999997,-6.35,106234.55,413483.766
001255.SZ,2022-11-10,36.4,38.09,36.04,37.22,36.57,0.6499999999999986,1.78,62279.8,232627.202
001255.SZ,2022-11-11,36.77,37.12,34.07,34.76,37.22,-2.460000000000001,-6.61,60195.08,214565.54
001255.SZ,2022-11-14,34.92,34.94,32.92,33.4,34.76,-1.3599999999999994,-3.91,44788.3,151569.91
001255.SZ,2022-11-15,33.62,34.43,33.28,33.86,33.4,0.46000000000000085,1.38,36396.46,124144.238
001255.SZ,2022-11-16,33.38,33.84,32.94,33.7,33.86,-0.1599999999999966,-0.47,30261.0,102286.296
001255.SZ,2022-11-17,33.34,33.84,32.64,33.8,33.7,0.09999999999999432,0.3,27580.46,92240.518
001255.SZ,2022-11-18,33.47,35.87,33.41,34.41,33.8,0.6099999999999994,1.8,61823.0,216697.977
001255.SZ,2022-11-21,34.03,36.62,33.65,36.14,34.41,1.730000000000004,5.03,53361.39,191202.308
001255.SZ,2022-11-22,35.14,36.91,34.66,35.53,36.14,-0.6099999999999994,-1.69,44769.47,161816.879
001255.SZ,2022-11-23,35.14,35.82,33.48,35.65,35.53,0.11999999999999744,0.34,40021.7,139912.084
001255.SZ,2022-11-24,35.53,37.51,35.37,37.32,35.65,1.6700000000000017,4.68,52618.75,195008.156
001255.SZ,2022-11-25,36.72,36.92,34.94,35.13,37.32,-2.1899999999999977,-5.87,31575.31,113979.617
001255.SZ,2022-11-28,34.3,38.64,34.24,37.31,35.13,2.1799999999999997,6.21,69439.55,264053.992
001255.SZ,2022-11-29,37.81,38.54,36.67,37.37,37.31,0.05999999999999517,0.16,47816.88,180857.641
001255.SZ,2022-11-30,37.2,37.36,36.15,36.5,37.37,-0.8699999999999974,-2.33,26565.01,98374.95
001255.SZ,2022-12-01,36.52,38.0,36.15,36.61,36.5,0.10999999999999943,0.3,28791.66,107560.288
001255.SZ,2022-12-02,36.33,37.31,35.26,35.39,36.61,-1.2199999999999989,-3.33,29094.23,106097.461
001255.SZ,2022-12-05,35.44,35.81,34.8,35.12,35.39,-0.2700000000000031,-0.76,21496.65,76714.063
001255.SZ,2022-12-06,35.17,36.97,35.04,36.82,35.12,1.7000000000000028,4.84,27167.98,99194.183
001255.SZ,2022-12-07,36.51,38.11,36.42,37.78,36.82,0.9600000000000009,2.61,41877.57,158423.996
001255.SZ,2022-12-08,37.83,41.56,37.78,41.56,37.78,3.780000000000001,10.01,41058.48,164843.722
001255.SZ,2022-12-09,43.45,43.45,37.99,39.13,41.56,-2.4299999999999997,-5.85,63648.74,254726.254
001255.SZ,2022-12-12,39.11,40.08,37.49,37.81,39.13,-1.3200000000000003,-3.37,42345.9,164815.544
001255.SZ,2022-12-13,37.23,38.09,36.62,37.52,37.81,-0.28999999999999915,-0.77,24286.13,91372.437
001255.SZ,2022-12-14,37.32,37.32,36.07,36.19,37.52,-1.3300000000000054,-3.54,20772.4,76794.419
001255.SZ,2022-12-15,36.19,36.9,35.63,36.42,36.19,0.23000000000000398,0.64,14798.99,54219.447
001255.SZ,2022-12-16,36.12,36.12,34.64,34.65,36.42,-1.7700000000000031,-4.86,21388.0,76093.682
001255.SZ,2022-12-19,35.24,37.07,35.14,35.42,34.65,0.7700000000000031,2.22,20488.0,74421.553
001255.SZ,2022-12-20,35.53,36.29,34.67,35.54,35.42,0.11999999999999744,0.34,12443.18,44925.344
001255.SZ,2022-12-21,35.77,36.03,33.04,33.87,35.54,-1.6700000000000017,-4.7,22070.61,75951.484
001255.SZ,2022-12-22,34.54,34.76,33.08,33.16,33.87,-0.7100000000000009,-2.1,14521.0,49699.296
001255.SZ,2022-12-23,33.08,33.58,32.03,32.08,33.16,-1.0799999999999983,-3.26,11097.02,36441.605
001255.SZ,2022-12-26,32.66,34.45,32.31,33.96,32.08,1.8800000000000026,5.86,16014.02,54022.93
001255.SZ,2022-12-27,33.89,35.42,33.3,35.09,33.96,1.1300000000000026,3.33,22274.95,78005.801
001255.SZ,2022-12-28,35.04,35.37,33.98,34.25,35.09,-0.8400000000000034,-2.39,10799.02,37687.934
001255.SZ,2022-12-29,33.97,35.24,33.34,33.46,34.25,-0.7899999999999991,-2.31,8969.0,30521.332
001255.SZ,2022-12-30,33.49,33.79,32.91,33.13,33.46,-0.3299999999999983,-0.99,5756.0,19357.317
001255.SZ,2023-01-03,33.11,36.44,32.86,35.02,33.13,1.8900000000000006,5.7,43972.46,157372.95
001255.SZ,2023-01-04,34.95,34.95,33.26,33.97,35.02,-1.0500000000000043,-3.0,39693.48,135027.749
001255.SZ,2023-01-05,33.98,34.22,33.27,33.88,33.97,-0.0899999999999963,-0.26,20714.0,70702.969
001255.SZ,2023-01-06,33.8,35.63,33.59,34.05,33.88,0.1699999999999946,0.5,30904.0,108253.731
001255.SZ,2023-01-09,34.05,37.45,34.05,37.45,34.05,3.4000000000000057,9.99,61825.61,225735.844
001255.SZ,2023-01-10,36.83,39.2,35.83,36.0,37.45,-1.4500000000000028,-3.87,54005.97,199901.691
001255.SZ,2023-01-11,36.37,36.76,35.1,35.35,36.0,-0.6499999999999986,-1.81,35684.67,128870.499
001255.SZ,2023-01-12,35.16,35.59,34.97,35.51,35.35,0.1599999999999966,0.45,26135.0,93315.281
001255.SZ,2023-01-13,35.36,35.36,33.43,33.73,35.51,-1.7800000000000011,-5.01,34626.0,118787.508
001255.SZ,2023-01-16,33.74,34.09,33.21,33.98,33.73,0.25,0.74,22296.0,75902.681
001255.SZ,2023-01-17,33.63,34.12,33.52,33.73,33.98,-0.25,-0.74,13183.0,45000.701
001255.SZ,2023-01-18,33.83,34.04,33.38,33.97,33.73,0.240000000000002,0.71,10653.0,36361.508
001255.SZ,2023-01-19,33.85,34.58,33.56,34.47,33.97,0.5,1.47,13792.67,47584.727
001255.SZ,2023-01-20,34.35,34.56,33.66,34.0,34.47,-0.46999999999999886,-1.36,17464.0,60099.473
001255.SZ,2023-01-30,34.3,35.44,34.3,35.04,34.0,1.0399999999999991,3.06,23813.66,83969.629
001255.SZ,2023-01-31,35.02,36.09,34.76,36.01,35.04,0.9699999999999989,2.77,24719.61,89108.122
001255.SZ,2023-02-01,36.0,36.01,35.32,35.94,36.01,-0.07000000000000028,-0.19,27188.0,97859.425
001255.SZ,2023-02-02,35.89,35.89,35.22,35.46,35.94,-0.4799999999999969,-1.34,17619.0,63152.132
001255.SZ,2023-02-03,35.43,35.6,34.88,35.31,35.46,-0.14999999999999858,-0.42,12517.0,44515.076
001255.SZ,2023-02-06,35.28,35.28,34.36,34.39,35.31,-0.9200000000000017,-2.61,15381.0,54012.195
001255.SZ,2023-02-07,34.35,35.38,34.33,35.34,34.39,0.9500000000000028,2.76,21766.76,76684.75
001255.SZ,2023-02-08,35.83,38.87,35.83,38.87,35.34,3.529999999999994,9.99,67863.45,259490.675
001255.SZ,2023-02-09,38.1,42.76,38.1,42.76,38.87,3.8900000000000006,10.01,95196.2,385906.36
001255.SZ,2023-02-10,43.55,44.05,40.19,41.93,42.76,-0.8299999999999983,-1.94,69392.29,291005.94
001255.SZ,2023-02-13,41.93,46.12,41.58,43.73,41.93,1.7999999999999972,4.29,107252.9,480712.532
001255.SZ,2023-02-14,44.83,47.11,42.76,45.69,43.73,1.9600000000000009,4.48,78165.99,350121.19
001255.SZ,2023-02-15,46.52,50.26,46.32,48.72,45.69,3.030000000000001,6.63,92934.52,456374.582
001255.SZ,2023-02-16,48.4,51.47,48.01,50.28,48.72,1.5600000000000023,3.2,72435.16,364487.324
001255.SZ,2023-02-17,50.28,55.31,48.38,54.93,50.28,4.649999999999999,9.25,73936.17,393450.214
001255.SZ,2023-02-20,53.92,54.38,49.44,49.44,54.93,-5.490000000000002,-9.99,34475.0,174230.409
001255.SZ,2023-02-21,48.06,50.26,45.84,48.17,49.44,-1.269999999999996,-2.57,71583.21,349156.739
001255.SZ,2023-02-22,47.31,48.37,45.85,46.52,48.17,-1.6499999999999986,-3.43,32186.32,153251.49
001255.SZ,2023-02-23,46.81,46.81,44.46,46.17,46.52,-0.3500000000000014,-0.75,35730.96,164379.144
001255.SZ,2023-02-24,46.21,49.03,45.5,47.72,46.17,1.5499999999999972,3.36,39285.99,189219.418
001255.SZ,2023-02-27,47.07,50.24,47.07,49.0,47.72,1.2800000000000011,2.68,52358.13,260342.644
001255.SZ,2023-02-28,48.4,48.4,46.52,47.35,49.0,-1.6499999999999986,-3.37,31104.41,148206.4
001255.SZ,2023-03-01,46.75,47.21,45.59,47.11,47.35,-0.240000000000002,-0.51,21794.0,102302.665
001255.SZ,2023-03-02,46.98,47.99,45.66,45.98,47.11,-1.1300000000000026,-2.4,22862.0,107000.792
001255.SZ,2023-03-03,45.81,49.37,45.81,48.3,45.98,2.3200000000000003,5.05,35081.02,168649.285
001255.SZ,2023-03-06,47.97,51.13,46.45,50.18,48.3,1.8800000000000026,3.89,38956.58,193797.79
001255.SZ,2023-03-07,49.74,50.08,48.2,49.69,50.18,-0.490000000000002,-0.98,28319.3,140089.794
001255.SZ,2023-03-08,48.82,50.27,48.04,49.51,49.69,-0.17999999999999972,-0.36,20346.3,101453.96
001255.SZ,2023-03-09,49.99,50.15,46.42,46.94,49.51,-2.5700000000000003,-5.19,23513.69,114523.836
001255.SZ,2023-03-10,46.49,50.68,45.54,49.29,46.94,2.3500000000000014,5.01,33801.72,167060.015
001255.SZ,2023-03-13,48.53,49.99,48.08,48.7,49.29,-0.5899999999999963,-1.2,24235.03,120065.118
001255.SZ,2023-03-14,49.14,49.14,47.14,48.09,48.7,-0.6099999999999994,-1.25,15233.55,73598.463
001255.SZ,2023-03-15,48.06,50.46,46.87,47.07,48.09,-1.0200000000000031,-2.12,21442.0,105310.416
001255.SZ,2023-03-16,51.78,51.78,50.54,51.78,47.07,4.710000000000001,10.01,55047.58,287551.666
001255.SZ,2023-03-17,53.65,54.64,49.37,50.45,51.78,-1.3299999999999983,-2.57,65281.63,342185.281
001255.SZ,2023-03-20,50.67,52.95,49.13,49.8,50.45,-0.6500000000000057,-1.29,50629.13,259300.025
001255.SZ,2023-03-21,49.77,51.09,47.03,50.36,49.8,0.5600000000000023,1.12,38400.3,190706.261
001255.SZ,2023-03-22,51.11,51.69,48.03,48.32,50.36,-2.039999999999999,-4.05,36199.06,180715.576
001255.SZ,2023-03-23,48.82,48.9,44.54,46.01,48.32,-2.3100000000000023,-4.78,46450.4,216583.255
001255.SZ,2023-03-24,45.04,45.91,43.45,43.67,46.01,-2.3399999999999963,-5.09,31394.31,140937.413
001255.SZ,2023-03-27,43.06,44.63,42.36,44.3,43.67,0.6299999999999955,1.44,33020.09,145320.582
001255.SZ,2023-03-28,43.85,44.0,41.37,41.6,44.3,-2.6999999999999957,-6.09,25850.0,110635.476
001255.SZ,2023-03-29,41.59,42.31,40.76,40.87,41.6,-0.730000000000004,-1.75,15927.0,66576.844
001255.SZ,2023-03-30,40.93,41.37,39.28,39.6,40.87,-1.269999999999996,-3.11,25539.0,103449.354
001255.SZ,2023-03-31,39.65,40.78,39.37,40.03,39.6,0.4299999999999997,1.09,16900.63,68342.293
001255.SZ,2023-04-03,40.09,41.12,39.7,40.67,40.03,0.6400000000000006,1.6,18089.0,73951.408
001255.SZ,2023-04-04,40.67,40.96,39.99,40.31,40.67,-0.35999999999999943,-0.89,15147.0,61795.516
001255.SZ,2023-04-06,40.27,40.31,38.22,39.23,40.31,-1.0800000000000054,-2.68,23582.0,92678.511
001255.SZ,2023-04-07,39.23,40.56,39.1,39.68,39.23,0.45000000000000284,1.15,18577.2,74931.708
001255.SZ,2023-04-10,39.9,39.9,38.32,39.05,39.68,-0.6300000000000026,-1.59,14856.0,58312.247
001255.SZ,2023-04-11,39.06,40.08,38.8,39.21,39.05,0.1600000000000037,0.41,12032.0,47834.956
001255.SZ,2023-04-12,39.32,39.55,38.7,38.87,39.21,-0.3400000000000034,-0.87,9720.63,38403.107
001255.SZ,2023-04-13,39.2,42.76,38.9,42.76,38.87,3.8900000000000006,10.01,34523.2,144167.153
001255.SZ,2023-04-14,41.86,43.77,41.01,41.61,42.76,-1.1499999999999986,-2.69,32841.2,139965.313
001255.SZ,2023-04-17,41.57,43.57,41.28,43.41,41.61,1.7999999999999972,4.33,25994.0,111558.822
001255.SZ,2023-04-18,43.21,46.53,42.74,46.03,43.41,2.6200000000000045,6.04,36321.0,167243.216
001255.SZ,2023-04-19,45.04,46.12,44.39,45.44,46.03,-0.5900000000000034,-1.28,19420.0,89125.284
001255.SZ,2023-04-20,45.27,45.4,43.65,44.22,45.44,-1.2199999999999989,-2.68,25164.2,112597.657
001255.SZ,2023-04-21,44.24,45.04,41.67,41.92,44.22,-2.299999999999997,-5.2,25396.0,110198.866
001255.SZ,2023-04-24,42.34,43.75,41.57,43.36,41.92,1.4399999999999977,3.44,24246.0,105120.862
001255.SZ,2023-04-25,42.36,42.44,39.18,39.31,43.36,-4.049999999999997,-9.34,27913.69,112977.786
001255.SZ,2023-04-26,39.64,41.93,39.52,41.65,39.31,2.3399999999999963,5.95,19232.69,79780.167
001255.SZ,2023-04-27,41.57,42.24,40.35,41.22,41.65,-0.4299999999999997,-1.03,14365.0,59795.84
001255.SZ,2023-04-28,41.18,42.07,40.46,41.89,41.22,0.6700000000000017,1.63,12259.18,51156.918
001255.SZ,2023-05-04,41.88,44.55,41.62,42.31,41.89,0.4200000000000017,1.0,18744.0,80866.98
001255.SZ,2023-05-05,42.26,42.3,40.58,41.07,42.31,-1.240000000000002,-2.93,14391.0,59928.05
001255.SZ,2023-05-08,41.26,41.93,40.6,40.89,41.07,-0.17999999999999972,-0.44,11626.0,48260.35
001255.SZ,2023-05-09,40.85,40.88,39.66,39.81,40.89,-1.0799999999999983,-2.64,10540.0,42707.03
001255.SZ,2023-05-10,39.79,41.77,39.2,40.21,39.81,0.3999999999999986,1.0,15736.0,63813.658
001255.SZ,2023-05-11,40.49,41.58,40.21,41.0,40.21,0.7899999999999991,1.96,13294.0,55069.541
001255.SZ,2023-05-12,40.58,41.24,39.92,39.99,41.0,-1.009999999999998,-2.46,8616.0,35208.427
001255.SZ,2023-05-15,40.07,43.87,40.04,41.5,39.99,1.509999999999998,3.78,22897.0,97249.956
001255.SZ,2023-05-16,41.48,41.87,40.62,41.5,41.5,0.0,0.0,12772.13,53406.742
001255.SZ,2023-05-17,41.26,43.06,40.89,42.86,41.5,1.3599999999999994,3.28,23841.13,101827.006
001255.SZ,2023-05-18,42.55,42.57,41.48,41.99,42.86,-0.8699999999999974,-2.03,16376.0,69469.519
001255.SZ,2023-05-19,41.99,42.17,41.27,42.17,41.99,0.17999999999999972,0.43,11269.0,47513.607
001255.SZ,2023-05-22,42.23,42.5,41.43,41.69,42.17,-0.480000000000004,-1.14,9816.0,41351.736
001255.SZ,2023-05-23,41.58,42.81,41.44,42.36,41.69,0.6700000000000017,1.61,15379.0,65621.509
001255.SZ,2023-05-24,42.26,44.2,41.82,43.31,42.36,0.9500000000000028,2.24,24176.01,105587.521
001255.SZ,2023-05-25,42.73,45.12,42.66,44.0,43.31,0.6899999999999977,1.59,35936.81,159484.057
001255.SZ,2023-05-26,43.62,43.81,41.26,41.69,44.0,-2.3100000000000023,-5.25,28137.0,118652.332
001255.SZ,2023-05-29,40.85,41.32,40.08,41.12,41.69,-0.5700000000000003,-1.37,17299.54,70894.428
001255.SZ,2023-05-30,40.82,41.92,40.64,41.14,41.12,0.020000000000003126,0.05,12005.0,49677.201
001255.SZ,2023-05-31,40.92,40.92,39.49,39.53,41.14,-1.6099999999999994,-3.91,18107.0,72397.76
001255.SZ,2023-06-01,39.53,40.13,38.93,39.59,39.53,0.060000000000002274,0.15,10758.0,42755.92
001255.SZ,2023-06-02,39.4,39.96,39.33,39.8,39.59,0.20999999999999375,0.53,9148.0,36509.744
001255.SZ,2023-06-05,39.8,39.84,38.74,38.98,39.8,-0.8200000000000003,-2.06,11249.0,44101.533
001255.SZ,2023-06-06,38.98,39.11,37.9,37.92,38.98,-1.0599999999999952,-2.72,13494.0,51858.307
001255.SZ,2023-06-07,37.93,37.99,36.83,37.09,37.92,-0.8299999999999983,-2.19,12974.0,48398.526
001255.SZ,2023-06-08,37.33,37.7,36.74,36.85,37.09,-0.240000000000002,-0.65,7702.0,28726.25
001255.SZ,2023-06-09,36.94,37.26,36.44,36.91,36.85,0.05999999999999517,0.16,8811.0,32543.552
001255.SZ,2023-06-12,36.91,37.1,36.05,36.58,36.91,-0.3299999999999983,-0.89,8816.0,32287.997
001255.SZ,2023-06-13,36.58,37.33,36.39,37.19,36.58,0.6099999999999994,1.67,9310.0,34569.588
001255.SZ,2023-06-14,37.44,37.54,36.45,36.59,37.19,-0.5999999999999943,-1.61,8922.0,32923.901
001255.SZ,2023-06-15,36.51,38.19,35.96,38.05,36.59,1.4599999999999937,3.99,20545.0,76827.255
001255.SZ,2023-06-16,37.83,38.1,36.98,37.24,38.05,-0.8099999999999952,-2.13,15921.69,59775.806
001255.SZ,2023-06-19,36.97,37.32,36.74,36.95,37.24,-0.28999999999999915,-0.78,11242.16,41781.605
001255.SZ,2023-06-20,37.02,37.02,36.37,36.39,36.95,-0.5600000000000023,-1.52,9391.0,34453.628
001255.SZ,2023-06-21,36.5,38.42,36.44,37.14,36.39,0.75,2.06,22751.95,85341.307
001255.SZ,2023-06-26,36.99,39.32,35.15,38.68,37.14,1.5399999999999991,4.15,37511.95,142383.276
001255.SZ,2023-06-27,38.29,38.29,36.57,37.44,38.68,-1.240000000000002,-3.21,22703.0,85307.812
001255.SZ,2023-06-28,37.44,37.49,36.5,37.26,37.44,-0.17999999999999972,-0.48,10856.06,40276.949
001255.SZ,2023-06-29,37.3,39.29,36.86,38.07,37.26,0.8100000000000023,2.17,20570.69,79350.183
001255.SZ,2023-06-30,38.03,39.15,37.78,37.96,38.07,-0.10999999999999943,-0.29,14189.0,54673.093
001255.SZ,2023-07-03,37.84,38.93,37.84,38.2,37.96,0.240000000000002,0.63,11720.01,45198.253
001255.SZ,2023-07-04,38.02,38.6,37.87,38.16,38.2,-0.04000000000000625,-0.1,9222.0,35362.492
001255.SZ,2023-07-05,38.0,38.43,37.64,37.76,38.16,-0.3999999999999986,-1.05,7957.37,30350.851
001255.SZ,2023-07-06,37.77,40.15,37.24,38.91,37.76,1.1499999999999986,3.05,21826.64,85256.856
001255.SZ,2023-07-07,38.7,39.06,38.34,38.68,38.91,-0.22999999999999687,-0.59,8127.0,31494.887
001255.SZ,2023-07-10,38.63,40.95,38.34,40.95,38.68,2.270000000000003,5.87,26984.0,108216.553
001255.SZ,2023-07-11,40.99,41.42,39.99,41.13,40.95,0.17999999999999972,0.44,21155.64,86436.719
001255.SZ,2023-07-12,41.22,41.37,40.18,40.33,41.13,-0.8000000000000043,-1.95,10108.0,41429.778
001255.SZ,2023-07-13,40.21,40.89,39.83,40.01,40.33,-0.3200000000000003,-0.79,10198.64,41163.955
001255.SZ,2023-07-14,39.93,40.58,39.43,39.82,40.01,-0.18999999999999773,-0.47,8060.0,32311.692
001255.SZ,2023-07-17,39.82,40.09,39.11,39.34,39.82,-0.4799999999999969,-1.21,7065.0,27955.912
001255.SZ,2023-07-18,39.31,39.68,38.83,39.57,39.34,0.22999999999999687,0.58,4869.0,19233.594
001255.SZ,2023-07-19,39.54,40.12,37.84,38.12,39.57,-1.4500000000000028,-3.66,13895.0,53686.078
001255.SZ,2023-07-20,38.56,38.69,37.39,37.44,38.12,-0.6799999999999997,-1.78,8246.95,31452.354
001255.SZ,2023-07-21,37.64,37.74,36.32,36.38,37.44,-1.0599999999999952,-2.83,11431.0,42306.483
001255.SZ,2023-07-24,36.39,36.79,36.05,36.4,36.38,0.01999999999999602,0.05,6015.0,21975.092
001255.SZ,2023-07-25,36.64,37.52,36.56,37.17,36.4,0.7700000000000031,2.12,7311.64,27203.781
001255.SZ,2023-07-26,36.87,37.44,36.77,36.99,37.17,-0.17999999999999972,-0.48,5157.0,19148.424
001255.SZ,2023-07-27,36.84,36.99,36.47,36.49,36.99,-0.5,-1.35,5544.0,20434.344
001255.SZ,2023-07-28,36.48,36.79,36.02,36.39,36.49,-0.10000000000000142,-0.27,6426.0,23512.285
001255.SZ,2023-07-31,36.39,36.72,36.1,36.25,36.39,-0.14000000000000057,-0.38,6035.0,22062.424
001255.SZ,2023-08-01,36.33,36.6,35.96,36.51,36.25,0.259999999999998,0.72,5288.64,19248.637
001255.SZ,2023-08-02,37.33,38.34,36.75,37.06,36.51,0.5500000000000043,1.51,14526.0,54642.587
001255.SZ,2023-08-03,36.71,36.83,36.35,36.62,37.06,-0.44000000000000483,-1.19,8427.0,30944.484
001255.SZ,2023-08-04,36.46,36.72,36.18,36.63,36.62,0.010000000000005116,0.03,6542.0,23935.902
001255.SZ,2023-08-07,36.29,38.82,36.29,38.41,36.63,1.779999999999994,4.86,21197.18,80120.553
001255.SZ,2023-08-08,37.44,37.66,36.56,36.93,38.41,-1.4799999999999969,-3.85,14207.11,52858.798
001255.SZ,2023-08-09,36.84,37.1,36.44,36.66,36.93,-0.2700000000000031,-0.73,5515.0,20320.48
001255.SZ,2023-08-10,36.68,37.02,36.4,36.74,36.66,0.0800000000000054,0.22,3999.0,14743.865
001255.SZ,2023-08-11,36.77,36.94,35.36,35.59,36.74,-1.1499999999999986,-3.13,9421.0,34071.825
001255.SZ,2023-08-14,35.25,35.82,34.85,35.5,35.59,-0.09000000000000341,-0.25,4832.0,17123.489
001255.SZ,2023-08-15,35.5,35.88,34.94,35.25,35.5,-0.25,-0.7,4950.71,17531.429
001255.SZ,2023-08-16,35.25,36.23,35.17,35.31,35.25,0.060000000000002274,0.17,7017.0,25114.896
001255.SZ,2023-08-17,35.35,35.83,34.67,35.58,35.31,0.269999999999996,0.76,6172.95,21853.722
001255.SZ,2023-08-18,35.58,36.94,35.46,35.85,35.58,0.2700000000000031,0.76,14000.0,51016.356
001255.SZ,2023-08-21,35.85,36.32,35.03,35.09,35.85,-0.759999999999998,-2.12,7188.3,25548.829
001255.SZ,2023-08-22,35.11,35.49,33.74,34.61,35.09,-0.480000000000004,-1.37,11511.95,39719.023
001255.SZ,2023-08-23,34.24,34.43,33.22,33.26,34.61,-1.3500000000000014,-3.9,9892.13,33456.73
001255.SZ,2023-08-24,33.26,33.73,32.67,33.23,33.26,-0.030000000000001137,-0.09,5962.0,19857.693
001255.SZ,2023-08-25,33.23,33.23,31.63,31.74,33.23,-1.4899999999999984,-4.48,7449.0,24150.843
001255.SZ,2023-08-28,33.14,33.71,31.2,31.54,31.74,-0.1999999999999993,-0.63,8754.0,28084.405
001255.SZ,2023-08-29,31.54,33.36,31.32,33.15,31.54,1.6099999999999994,5.1,11000.01,36055.642
001255.SZ,2023-08-30,33.47,34.61,33.18,33.82,33.15,0.6700000000000017,2.02,8405.13,28716.489
001255.SZ,2023-08-31,33.81,34.35,33.56,33.93,33.82,0.10999999999999943,0.33,4781.0,16282.111
001255.SZ,2023-09-01,34.05,34.18,33.46,33.89,33.93,-0.03999999999999915,-0.12,3599.3,12195.705
001255.SZ,2023-09-04,34.65,34.65,33.76,34.11,33.89,0.21999999999999886,0.65,3672.0,12561.702
001255.SZ,2023-09-05,34.1,36.4,33.99,35.76,34.11,1.6499999999999986,4.84,23556.94,83749.243
001255.SZ,2023-09-06,35.0,38.27,34.89,36.26,35.76,0.5,1.4,32630.0,119297.211
001255.SZ,2023-09-07,35.35,35.65,33.99,34.07,36.26,-2.1899999999999977,-6.04,22211.0,77375.977
001255.SZ,2023-09-08,34.06,35.05,34.05,34.54,34.07,0.46999999999999886,1.38,9153.0,31682.831
001255.SZ,2023-09-11,34.54,34.67,33.71,34.35,34.54,-0.18999999999999773,-0.55,7423.0,25458.218
001255.SZ,2023-09-12,34.15,34.7,33.8,34.12,34.35,-0.23000000000000398,-0.67,5035.0,17266.957
001255.SZ,2023-09-13,34.3,34.3,33.24,33.55,34.12,-0.5700000000000003,-1.67,4020.0,13571.612
001255.SZ,2023-09-14,33.55,33.7,32.46,32.78,33.55,-0.769999999999996,-2.3,6137.0,20237.902
001255.SZ,2023-09-15,32.74,33.03,32.49,32.77,32.78,-0.00999999999999801,-0.03,3608.0,11846.5
001255.SZ,2023-09-18,32.77,33.65,32.1,33.06,32.77,0.28999999999999915,0.88,5212.0,17346.798
001255.SZ,2023-09-19,33.06,33.34,32.77,32.82,33.06,-0.240000000000002,-0.73,3392.0,11244.571
001255.SZ,2023-09-20,32.9,33.21,32.58,32.67,32.82,-0.14999999999999858,-0.46,2669.0,8773.088
001255.SZ,2023-09-21,32.66,32.88,32.36,32.44,32.67,-0.23000000000000398,-0.7,2361.0,7727.448
001255.SZ,2023-09-22,32.36,33.41,32.31,33.37,32.44,0.9299999999999997,2.87,5105.0,16950.665
001255.SZ,2023-09-25,33.36,33.67,32.76,33.57,33.37,0.20000000000000284,0.6,4178.0,13930.239
001255.SZ,2023-09-26,33.43,33.43,32.99,33.14,33.57,-0.4299999999999997,-1.28,2194.0,7303.449
001255.SZ,2023-09-27,32.96,34.22,32.85,33.19,33.14,0.04999999999999716,0.15,6200.0,20993.363
001255.SZ,2023-09-28,33.46,35.35,32.96,34.87,33.19,1.6799999999999997,5.06,17626.0,61091.719
001255.SZ,2023-10-09,34.59,34.65,33.51,33.82,34.87,-1.0499999999999972,-3.01,11052.0,37477.437
001255.SZ,2023-10-10,33.76,33.98,32.84,33.04,33.82,-0.7800000000000011,-2.31,6863.0,22953.982
001255.SZ,2023-10-11,33.21,34.0,32.89,33.7,33.04,0.6600000000000037,2.0,6981.0,23555.861
001255.SZ,2023-10-12,33.74,34.35,33.08,34.14,33.7,0.4399999999999977,1.31,6570.0,22207.678
001255.SZ,2023-10-13,34.1,34.14,33.16,33.21,34.14,-0.9299999999999997,-2.72,5126.0,17254.37
001255.SZ,2023-10-16,33.21,33.25,32.46,32.71,33.21,-0.5,-1.51,3767.03,12376.946
001255.SZ,2023-10-17,32.65,33.18,32.51,32.81,32.71,0.10000000000000142,0.31,2840.0,9338.858
001255.SZ,2023-10-18,32.61,32.77,32.03,32.16,32.81,-0.6500000000000057,-1.98,4281.72,13916.726
001255.SZ,2023-10-19,32.0,33.18,31.89,32.22,32.16,0.060000000000002274,0.19,4473.0,14603.199
001255.SZ,2023-10-20,32.22,34.15,32.05,32.66,32.22,0.4399999999999977,1.37,15065.0,50448.564
001255.SZ,2023-10-23,32.33,32.65,30.77,30.9,32.66,-1.759999999999998,-5.39,11048.0,34810.314
001255.SZ,2023-10-24,30.87,33.04,30.87,32.62,30.9,1.7199999999999989,5.57,11540.0,37357.196
001255.SZ,2023-10-25,32.82,33.08,31.95,32.32,32.62,-0.29999999999999716,-0.92,6499.0,21068.702
001255.SZ,2023-10-26,31.98,32.42,31.48,32.39,32.32,0.07000000000000028,0.22,4424.0,14146.591
001255.SZ,2023-10-27,32.39,33.98,32.03,33.76,32.39,1.3699999999999974,4.23,10013.0,33537.821
001255.SZ,2023-10-30,33.69,34.04,33.19,33.6,33.76,-0.1599999999999966,-0.47,4334.0,14634.63
001255.SZ,2023-10-31,33.61,34.0,32.75,32.99,33.6,-0.6099999999999994,-1.82,4896.0,16284.556
001255.SZ,2023-11-01,32.99,33.53,32.74,33.26,32.99,0.269999999999996,0.82,3685.0,12303.725
001255.SZ,2023-11-02,33.52,33.75,32.7,32.71,33.26,-0.5499999999999972,-1.65,4695.0,15584.898
001255.SZ,2023-11-03,32.76,34.12,32.72,33.8,32.71,1.0899999999999963,3.33,9138.0,30983.815
001255.SZ,2023-11-06,33.92,34.81,33.73,34.54,33.8,0.740000000000002,2.19,8081.0,27933.798
001255.SZ,2023-11-07,34.52,34.82,34.04,34.61,34.54,0.07000000000000028,0.2,5705.0,19751.657
001255.SZ,2023-11-08,34.73,34.89,34.26,34.41,34.61,-0.20000000000000284,-0.58,5328.0,18499.075
001255.SZ,2023-11-09,34.36,35.0,34.22,34.72,34.41,0.3100000000000023,0.9,4803.94,16730.609
001255.SZ,2023-11-10,34.68,34.68,34.05,34.29,34.72,-0.4299999999999997,-1.24,3524.0,12129.935
001255.SZ,2023-11-13,34.31,34.85,34.29,34.73,34.29,0.4399999999999977,1.28,3076.0,10675.795
001255.SZ,2023-11-14,34.76,35.44,34.59,34.86,34.73,0.13000000000000256,0.37,6425.0,22595.362
001255.SZ,2023-11-15,35.07,36.19,35.05,35.9,34.86,1.0399999999999991,2.98,13156.0,47200.861
001255.SZ,2023-11-16,35.95,35.95,34.91,35.17,35.9,-0.7299999999999969,-2.03,8691.0,30756.944
001255.SZ,2023-11-17,35.24,36.29,34.83,35.53,35.17,0.35999999999999943,1.02,9243.94,33187.68
001255.SZ,2023-11-20,35.6,35.84,34.96,35.55,35.53,0.01999999999999602,0.06,6705.0,23785.577
001255.SZ,2023-11-21,35.62,35.72,34.83,34.86,35.55,-0.6899999999999977,-1.94,5251.89,18566.202
001255.SZ,2023-11-22,34.85,34.97,34.09,34.13,34.86,-0.7299999999999969,-2.09,6276.0,21721.76
001255.SZ,2023-11-23,34.49,34.9,34.04,34.66,34.13,0.529999999999994,1.55,4323.89,14983.612
001255.SZ,2023-11-24,34.54,34.84,33.78,33.94,34.66,-0.7199999999999989,-2.08,5919.0,20248.207
001255.SZ,2023-11-27,33.69,34.69,33.69,34.38,33.94,0.44000000000000483,1.3,6024.89,20753.971
001255.SZ,2023-11-28,34.24,34.95,34.13,34.57,34.38,0.18999999999999773,0.55,5206.03,18066.42
001255.SZ,2023-11-29,34.57,34.85,34.16,34.24,34.57,-0.3299999999999983,-0.95,3711.0,12868.621
001255.SZ,2023-11-30,34.2,34.7,33.73,34.0,34.24,-0.240000000000002,-0.7,4125.67,14104.164
001255.SZ,2023-12-01,34.0,34.32,33.71,34.07,34.0,0.07000000000000028,0.21,3590.0,12242.863
001255.SZ,2023-12-04,34.27,34.85,34.14,34.59,34.07,0.5200000000000031,1.53,4153.0,14385.32
001255.SZ,2023-12-05,34.59,34.59,33.76,33.79,34.59,-0.8000000000000043,-2.31,3472.0,11908.561
001255.SZ,2023-12-06,33.76,35.3,33.66,34.33,33.79,0.5399999999999991,1.6,5367.0,18664.356
001255.SZ,2023-12-07,34.09,34.75,33.46,33.92,34.33,-0.4099999999999966,-1.19,7869.0,26842.769
001255.SZ,2023-12-08,33.97,33.97,33.08,33.16,33.92,-0.7600000000000051,-2.24,7228.0,24215.554
001255.SZ,2023-12-11,32.93,33.46,32.55,33.37,33.16,0.21000000000000085,0.63,5632.0,18701.965
001255.SZ,2023-12-12,33.37,33.46,32.57,32.96,33.37,-0.4099999999999966,-1.23,6110.0,20156.255
001255.SZ,2023-12-13,32.96,33.08,32.46,32.85,32.96,-0.10999999999999943,-0.33,3146.0,10345.058
001255.SZ,2023-12-14,33.04,33.31,32.77,32.9,32.85,0.04999999999999716,0.15,4377.0,14511.365
001255.SZ,2023-12-15,32.89,33.17,32.16,32.56,32.9,-0.3399999999999963,-1.03,6834.0,22366.58
001255.SZ,2023-12-18,32.63,32.63,31.9,32.07,32.56,-0.490000000000002,-1.5,3723.0,12008.118
001255.SZ,2023-12-19,32.12,32.26,31.72,32.16,32.07,0.0899999999999963,0.28,7238.0,23239.906
001255.SZ,2023-12-20,32.16,32.83,32.16,32.19,32.16,0.030000000000001137,0.09,7424.94,24276.424
001255.SZ,2023-12-21,32.0,35.41,31.55,33.95,32.19,1.7600000000000051,5.47,32733.89,112613.474
001255.SZ,2023-12-22,33.7,34.23,32.66,33.08,33.95,-0.8700000000000045,-2.56,29995.94,100205.39
001255.SZ,2023-12-25,33.6,34.64,32.9,33.86,33.08,0.7800000000000011,2.36,21082.0,70797.322
001255.SZ,2023-12-26,33.82,37.24,33.48,36.22,33.86,2.3599999999999994,6.97,64696.0,234237.971
001255.SZ,2023-12-27,35.29,37.2,35.05,36.2,36.22,-0.01999999999999602,-0.06,45268.64,163268.449
001255.SZ,2023-12-28,35.62,37.68,35.45,37.19,36.2,0.9899999999999949,2.73,50751.64,187653.572
001255.SZ,2023-12-29,36.63,36.81,35.45,36.15,37.19,-1.0399999999999991,-2.8,37760.03,136448.742
001255.SZ,2024-01-02,36.15,37.72,35.36,36.92,36.15,0.7700000000000031,2.13,36971.67,135846.61
001255.SZ,2024-01-03,36.13,37.27,35.66,36.6,36.92,-0.3200000000000003,-0.87,25048.0,91414.72
001255.SZ,2024-01-04,36.15,36.43,35.16,36.1,36.6,-0.5,-1.37,25770.0,92675.223
001255.SZ,2024-01-05,35.74,35.94,34.3,34.55,36.1,-1.5500000000000043,-4.29,22730.94,79890.211
001255.SZ,2024-01-08,34.25,34.72,33.5,33.53,34.55,-1.019999999999996,-2.95,11258.0,38313.98
001255.SZ,2024-01-09,33.37,34.7,33.3,33.71,33.53,0.17999999999999972,0.54,12080.0,41051.311
001255.SZ,2024-01-10,33.4,34.19,32.94,33.57,33.71,-0.14000000000000057,-0.42,8802.0,29711.447
001255.SZ,2024-01-11,33.61,34.01,33.44,33.71,33.57,0.14000000000000057,0.42,8114.0,27487.902
001255.SZ,2024-01-12,33.77,35.3,33.57,34.32,33.71,0.6099999999999994,1.81,15618.0,54083.267
001255.SZ,2024-01-15,34.29,34.29,33.36,34.0,34.32,-0.3200000000000003,-0.93,10413.0,35365.283
001255.SZ,2024-01-16,33.94,35.25,33.74,35.05,34.0,1.0499999999999972,3.09,17097.0,59552.201
001255.SZ,2024-01-17,35.15,35.25,33.74,33.86,35.05,-1.1899999999999977,-3.4,10584.0,36605.872
001255.SZ,2024-01-18,33.63,33.82,32.16,33.21,33.86,-0.6499999999999986,-1.92,11779.0,39023.298
001255.SZ,2024-01-19,33.22,33.75,32.54,32.74,33.21,-0.46999999999999886,-1.42,5741.99,19072.732
001255.SZ,2024-01-22,32.75,32.76,29.91,30.27,32.74,-2.4700000000000024,-7.54,11086.0,34697.376
001255.SZ,2024-01-23,30.13,30.53,29.37,30.2,30.27,-0.07000000000000028,-0.23,7445.0,22447.279
001255.SZ,2024-01-24,30.98,31.04,29.3,30.16,30.2,-0.03999999999999915,-0.13,7330.0,22214.504
001255.SZ,2024-01-25,30.42,30.96,29.47,30.92,30.16,0.7600000000000016,2.52,8726.69,26603.063
001255.SZ,2024-01-26,30.77,31.36,30.5,30.62,30.92,-0.3000000000000007,-0.97,6340.0,19672.213
001255.SZ,2024-01-29,30.76,31.27,29.43,30.1,30.62,-0.5199999999999996,-1.7,6095.2,18385.072
001255.SZ,2024-01-30,30.1,30.11,28.69,28.87,30.1,-1.2300000000000004,-4.09,4978.0,14657.184
001255.SZ,2024-01-31,28.16,28.38,25.98,26.01,28.87,-2.8599999999999994,-9.91,14272.55,38445.852
001255.SZ,2024-02-01,25.69,25.98,24.9,25.37,26.01,-0.6400000000000006,-2.46,6739.0,17228.985
001255.SZ,2024-02-02,25.45,25.79,22.95,23.75,25.37,-1.620000000000001,-6.39,9602.0,23307.074
001255.SZ,2024-02-05,23.82,23.82,21.38,21.38,23.75,-2.370000000000001,-9.98,11887.0,26233.997
001255.SZ,2024-02-06,19.93,22.02,19.35,20.65,21.38,-0.7300000000000004,-3.41,13118.0,26860.518
001255.SZ,2024-02-07,20.84,21.7,19.3,19.47,20.65,-1.1799999999999997,-5.71,18848.0,38163.959
001255.SZ,2024-02-08,19.52,21.42,18.63,20.82,19.47,1.3500000000000014,6.93,20997.0,42721.535
001255.SZ,2024-02-19,21.06,22.19,20.77,21.61,20.82,0.7899999999999991,3.79,19801.02,42767.261
001255.SZ,2024-02-20,21.7,22.65,21.18,22.25,21.61,0.6400000000000006,2.96,11001.02,24204.521
001255.SZ,2024-02-21,22.23,23.45,21.87,22.86,22.25,0.6099999999999994,2.74,12716.55,29134.005
001255.SZ,2024-02-22,22.86,23.4,22.68,23.24,22.86,0.379999999999999,1.66,11066.2,25672.362
001255.SZ,2024-02-23,23.5,24.69,23.31,24.34,23.24,1.1000000000000014,4.73,12659.38,30426.872
001255.SZ,2024-02-26,24.69,25.32,24.34,24.77,24.34,0.4299999999999997,1.77,12345.3,30678.026
001255.SZ,2024-02-27,25.0,25.64,24.59,25.61,24.77,0.8399999999999999,3.39,8254.0,20841.78
001255.SZ,2024-02-28,26.17,26.68,23.05,23.05,25.61,-2.5599999999999987,-10.0,20932.0,51810.399
001255.SZ,2024-02-29,22.15,24.14,22.15,24.03,23.05,0.9800000000000004,4.25,15951.0,37727.241
001255.SZ,2024-03-01,24.16,24.35,23.79,24.09,24.03,0.05999999999999872,0.25,11344.26,27418.569
001255.SZ,2024-03-04,24.08,26.5,23.23,24.83,24.09,0.7399999999999984,3.07,22993.11,57314.7
001255.SZ,2024-03-05,24.83,24.83,23.91,24.2,24.83,-0.629999999999999,-2.54,15468.0,37833.481
001255.SZ,2024-03-06,23.9,25.33,23.9,24.68,24.2,0.4800000000000004,1.98,15134.0,37505.376
001255.SZ,2024-03-07,24.61,26.19,24.55,25.14,24.68,0.46000000000000085,1.86,21539.0,55004.324
001255.SZ,2024-03-08,24.9,25.44,24.35,24.83,25.14,-0.3100000000000023,-1.23,12419.0,31005.815
001255.SZ,2024-03-11,24.78,25.86,24.66,25.75,24.83,0.9200000000000017,3.71,16028.0,41096.463
001255.SZ,2024-03-12,25.76,26.19,25.15,25.82,25.75,0.07000000000000028,0.27,11709.0,30010.188
001255.SZ,2024-03-13,25.77,26.15,25.53,25.79,25.82,-0.030000000000001137,-0.12,13291.0,34492.226
001255.SZ,2024-03-14,26.02,26.02,24.91,25.34,25.79,-0.4499999999999993,-1.74,12345.0,31503.353
001255.SZ,2024-03-15,25.31,26.09,25.16,25.9,25.34,0.5599999999999987,2.21,12221.0,31410.647
001255.SZ,2024-03-18,25.91,26.59,25.91,26.55,25.9,0.6500000000000021,2.51,11857.0,31286.846
001255.SZ,2024-03-19,26.67,26.87,26.22,26.32,26.55,-0.23000000000000043,-0.87,9764.73,25952.033
001255.SZ,2024-03-20,26.35,27.08,26.28,26.93,26.32,0.6099999999999994,2.32,9967.0,26688.763
001255.SZ,2024-03-21,27.04,27.13,26.14,26.76,26.93,-0.16999999999999815,-0.63,11628.0,31044.805
001255.SZ,2024-03-22,26.96,27.01,25.77,25.96,26.76,-0.8000000000000007,-2.99,12057.0,31662.116
001255.SZ,2024-03-25,25.85,25.97,24.87,24.97,25.96,-0.990000000000002,-3.81,9310.0,23735.635
001255.SZ,2024-03-26,24.88,25.32,24.5,25.13,24.97,0.16000000000000014,0.64,8563.0,21432.459
001255.SZ,2024-03-27,25.15,25.24,24.28,24.28,25.13,-0.8499999999999979,-3.38,8639.0,21423.505
001255.SZ,2024-03-28,24.32,25.69,24.29,24.97,24.28,0.6899999999999977,2.84,9075.0,22675.339
001255.SZ,2024-03-29,24.97,25.46,24.56,25.09,24.97,0.120000000000001,0.48,8974.8,22540.061
001255.SZ,2024-04-01,25.09,26.33,25.09,25.93,25.09,0.8399999999999999,3.35,10468.0,27020.607
001255.SZ,2024-04-02,28.15,28.52,28.15,28.52,25.93,2.59,9.99,15079.11,43127.933
001255.SZ,2024-04-03,29.74,31.37,28.66,31.37,28.52,2.8500000000000014,9.99,79687.39,241910.713
001255.SZ,2024-04-08,29.87,29.99,28.23,28.23,31.37,-3.1400000000000006,-10.01,49203.0,142729.239
001255.SZ,2024-04-09,26.74,27.68,26.69,27.04,28.23,-1.1900000000000013,-4.22,36980.63,100691.797
001255.SZ,2024-04-10,26.89,26.89,25.53,25.88,27.04,-1.1600000000000001,-4.29,27597.63,71861.69
001255.SZ,2024-04-11,25.54,27.25,25.15,26.67,25.88,0.7900000000000027,3.05,27988.36,73608.21
001255.SZ,2024-04-12,26.27,27.31,26.15,26.59,26.67,-0.08000000000000185,-0.3,24362.56,65796.727
001255.SZ,2024-04-15,25.94,26.87,23.93,23.93,26.59,-2.66,-10.0,24228.56,60511.637
001255.SZ,2024-04-16,23.95,24.2,21.54,21.54,23.93,-2.3900000000000006,-9.99,24338.0,53365.534
001255.SZ,2024-04-17,21.56,23.04,21.56,22.93,21.54,1.3900000000000006,6.45,20236.73,45931.132
001255.SZ,2024-04-18,22.9,23.1,22.31,22.67,22.93,-0.259999999999998,-1.13,17932.0,40985.508
001255.SZ,2024-04-19,22.62,23.42,22.41,23.2,22.67,0.5299999999999976,2.34,13543.63,31254.81
001255.SZ,2024-04-22,23.2,24.2,22.26,23.29,23.2,0.08999999999999986,0.39,15600.0,36550.779
001255.SZ,2024-04-23,23.1,23.68,22.95,23.58,23.29,0.28999999999999915,1.25,13036.63,30671.548
001255.SZ,2024-04-24,23.38,24.3,23.38,24.28,23.58,0.7000000000000028,2.97,11509.0,27763.59
001255.SZ,2024-04-25,23.9,26.71,23.5,25.9,24.28,1.6199999999999974,6.67,53755.63,138097.354
001255.SZ,2024-04-26,24.45,24.84,23.31,24.35,25.9,-1.5499999999999972,-5.98,50164.63,120815.26
001255.SZ,2024-04-29,23.8,24.4,23.58,24.36,24.35,0.00999999999999801,0.04,22331.0,54115.851
001255.SZ,2024-04-30,24.41,24.5,23.82,23.92,24.36,-0.4399999999999977,-1.81,15227.0,36728.043
001255.SZ,2024-05-06,24.31,26.24,24.31,25.2,23.92,1.2799999999999976,5.35,25981.72,65664.565
001255.SZ,2024-05-07,25.09,26.03,25.09,25.9,25.2,0.6999999999999993,2.78,23241.11,59770.23
001255.SZ,2024-05-08,25.79,26.29,25.39,25.64,25.9,-0.259999999999998,-1.0,17762.72,46039.566
001255.SZ,2024-05-09,25.42,26.09,25.42,25.69,25.64,0.05000000000000071,0.2,11489.0,29726.929
001255.SZ,2024-05-10,25.74,25.88,25.3,25.55,25.69,-0.14000000000000057,-0.54,10653.0,27312.939
001255.SZ,2024-05-13,25.39,25.66,24.92,25.31,25.55,-0.240000000000002,-0.94,8388.0,21328.184
001255.SZ,2024-05-14,25.23,25.82,25.21,25.64,25.31,0.33000000000000185,1.3,7834.99,20128.148
001255.SZ,2024-05-15,25.64,26.03,25.37,25.95,25.64,0.3099999999999987,1.21,10721.0,27814.229
001255.SZ,2024-05-16,25.92,26.46,25.55,25.67,25.95,-0.2799999999999976,-1.08,8993.0,23340.421
001255.SZ,2024-05-17,25.49,26.13,25.49,26.11,25.67,0.4399999999999977,1.71,9786.0,25480.286
001255.SZ,2024-05-20,26.21,27.07,26.07,26.9,26.11,0.7899999999999991,3.03,15781.0,42384.293
001255.SZ,2024-05-21,26.7,28.38,26.59,26.9,26.9,0.0,0.0,26742.99,74075.409
001255.SZ,2024-05-22,26.69,28.26,26.6,27.48,26.9,0.5800000000000018,2.16,25457.0,69902.747
001255.SZ,2024-05-23,26.79,27.37,26.46,26.76,27.48,-0.7199999999999989,-2.62,18910.0,50982.327
001255.SZ,2024-05-24,26.29,27.66,26.28,26.77,26.76,0.00999999999999801,0.04,10144.0,27399.517
001255.SZ,2024-05-27,26.29,26.9,26.2,26.8,26.77,0.030000000000001137,0.11,8624.0,22987.092
001255.SZ,2024-05-28,26.85,26.89,26.29,26.49,26.8,-0.3100000000000023,-1.16,9950.0,26503.258
001255.SZ,2024-05-29,26.45,28.96,26.08,28.09,26.49,1.6000000000000014,6.04,56992.83,159087.373
001255.SZ,2024-05-30,27.75,29.19,27.29,28.43,28.09,0.33999999999999986,1.21,50569.72,143081.904
001255.SZ,2024-05-31,28.07,28.92,26.88,27.02,28.43,-1.4100000000000001,-4.96,45818.0,127755.825
001255.SZ,2024-06-03,26.36,26.6,24.32,24.32,27.02,-2.6999999999999993,-9.99,34488.0,87851.204
001255.SZ,2024-06-04,23.32,23.96,22.71,23.36,24.32,-0.9600000000000009,-3.95,35301.72,81706.02
001255.SZ,2024-06-05,23.24,23.31,22.27,22.37,23.36,-0.9899999999999984,-4.24,18568.0,42169.825
001255.SZ,2024-06-06,22.43,22.56,20.85,21.03,22.37,-1.3399999999999999,-5.99,21000.0,44980.415
001255.SZ,2024-06-07,21.33,22.24,21.33,22.03,21.03,1.0,4.76,16426.0,36022.268
001255.SZ,2024-06-11,22.3,22.63,21.42,22.59,22.03,0.5599999999999987,2.54,10647.0,23531.675
001255.SZ,2024-06-12,22.54,22.97,22.38,22.87,22.59,0.28000000000000114,1.24,9350.0,21337.959
001255.SZ,2024-06-13,22.73,23.23,22.73,22.86,22.87,-0.010000000000001563,-0.04,7732.0,17735.146
001255.SZ,2024-06-14,22.64,23.08,22.43,22.64,22.86,-0.21999999999999886,-0.96,7445.0,16920.733
001255.SZ,2024-06-17,22.65,22.69,22.01,22.08,22.64,-0.5600000000000023,-2.47,8185.62,18206.506
001255.SZ,2024-06-18,22.08,22.33,21.88,22.32,22.08,0.240000000000002,1.09,7440.62,16522.341
001255.SZ,2024-06-19,22.32,22.67,22.19,22.63,22.32,0.3099999999999987,1.39,7680.62,17310.677
001255.SZ,2024-06-20,22.48,22.95,21.88,21.96,22.63,-0.6699999999999982,-2.96,7914.0,17694.797
001255.SZ,2024-06-21,21.79,22.22,21.61,21.83,21.96,-0.13000000000000256,-0.59,5963.0,13058.38
001255.SZ,2024-06-24,21.73,21.95,20.62,20.86,21.83,-0.9699999999999989,-4.44,9764.0,20566.585
001255.SZ,2024-06-25,20.84,21.52,20.77,21.09,20.86,0.23000000000000043,1.1,5862.0,12411.199
001255.SZ,2024-06-26,21.08,21.72,20.71,21.72,21.08,0.6400000000000006,3.04,6468.0,13825.183
001255.SZ,2024-06-27,21.71,22.05,21.29,21.34,21.72,-0.379999999999999,-1.75,5143.0,11157.7
001255.SZ,2024-06-28,21.39,22.27,21.2,21.81,21.34,0.46999999999999886,2.2,7376.0,16127.453
001255.SZ,2024-07-01,21.87,22.6,21.5,22.13,21.81,0.3200000000000003,1.47,9674.0,21218.61
001255.SZ,2024-07-02,21.99,23.13,21.99,22.45,22.13,0.3200000000000003,1.45,15312.62,34506.922
001255.SZ,2024-07-03,22.42,22.57,21.3,21.58,22.45,-0.870000000000001,-3.88,10831.0,23551.777
001255.SZ,2024-07-04,21.55,21.7,20.58,20.69,21.58,-0.889999999999997,-4.12,8332.0,17533.762
001255.SZ,2024-07-05,20.69,21.23,20.19,20.96,20.69,0.2699999999999996,1.3,5963.62,12441.01
001255.SZ,2024-07-08,20.7,21.29,20.44,20.5,20.96,-0.46000000000000085,-2.19,7881.0,16403.111
001255.SZ,2024-07-09,20.4,21.96,20.27,21.58,20.5,1.0799999999999983,5.27,18060.0,38626.103
001255.SZ,2024-07-10,21.43,21.78,20.59,20.74,21.58,-0.8399999999999999,-3.89,10596.0,22354.319
001255.SZ,2024-07-11,20.74,21.35,20.74,21.17,20.74,0.43000000000000327,2.07,12121.0,25669.3
001255.SZ,2024-07-12,21.17,21.35,20.83,20.93,21.17,-0.240000000000002,-1.13,6984.0,14710.141
001255.SZ,2024-07-15,20.75,21.04,20.3,20.87,20.93,-0.05999999999999872,-0.29,8878.0,18377.299
001255.SZ,2024-07-16,20.95,20.95,20.54,20.89,20.87,0.019999999999999574,0.1,5644.0,11744.059
001255.SZ,2024-07-17,20.73,21.02,20.37,20.37,20.89,-0.5199999999999996,-2.49,5141.0,10585.087
001255.SZ,2024-07-18,20.37,20.37,19.7,20.09,20.37,-0.28000000000000114,-1.37,6119.0,12219.889
001255.SZ,2024-07-19,19.99,20.84,19.97,20.69,20.09,0.6000000000000014,2.99,5944.0,12175.768
001255.SZ,2024-07-22,20.68,21.16,20.65,20.9,20.69,0.2099999999999973,1.01,6659.0,13955.014
001255.SZ,2024-07-23,20.74,20.95,20.29,20.3,20.9,-0.5999999999999979,-2.87,6439.0,13302.735
001255.SZ,2024-07-24,20.47,20.62,19.89,20.02,20.3,-0.28000000000000114,-1.38,6797.0,13747.331
001255.SZ,2024-07-25,20.02,21.76,19.8,20.66,20.02,0.6400000000000006,3.2,15100.0,31431.004
001255.SZ,2024-07-26,21.49,21.85,20.73,21.11,20.66,0.4499999999999993,2.18,19638.99,41585.919
001255.SZ,2024-07-29,20.95,21.07,20.29,20.32,21.11,-0.7899999999999991,-3.74,13486.0,27739.896
001255.SZ,2024-07-30,20.15,20.77,20.09,20.48,20.32,0.16000000000000014,0.79,8328.0,17031.511
001255.SZ,2024-07-31,20.56,21.11,20.36,21.11,20.48,0.629999999999999,3.08,8709.0,18177.736
001255.SZ,2024-08-01,21.07,21.55,20.97,21.39,21.11,0.28000000000000114,1.33,10264.0,21915.235
001255.SZ,2024-08-02,21.39,21.65,20.99,21.27,21.39,-0.120000000000001,-0.56,10647.0,22779.179
001255.SZ,2024-08-05,21.83,21.83,20.53,20.58,21.27,-0.6900000000000013,-3.24,11115.3,23372.724
001255.SZ,2024-08-06,20.79,21.12,20.61,20.93,20.58,0.3500000000000014,1.7,7100.0,14772.13
001255.SZ,2024-08-07,20.9,21.06,20.77,20.84,20.93,-0.08999999999999986,-0.43,5513.0,11554.004
001255.SZ,2024-08-08,20.79,20.93,20.48,20.65,20.84,-0.19000000000000128,-0.91,5557.0,11508.942
001255.SZ,2024-08-09,20.75,20.86,20.47,20.47,20.65,-0.17999999999999972,-0.87,4518.0,9354.181
001255.SZ,2024-08-12,20.47,20.83,20.31,20.48,20.47,0.010000000000001563,0.05,6452.99,13242.401
001255.SZ,2024-08-13,20.44,21.15,20.17,21.07,20.48,0.5899999999999999,2.88,9386.0,19523.228
001255.SZ,2024-08-14,21.05,21.18,20.92,21.15,21.07,0.0799999999999983,0.38,6310.0,13319.868
001255.SZ,2024-08-15,21.06,21.22,20.58,21.15,21.15,0.0,0.0,6744.0,14188.352
001255.SZ,2024-08-16,21.24,21.49,20.8,20.85,21.15,-0.29999999999999716,-1.42,6209.0,13114.497
001255.SZ,2024-08-19,20.84,21.2,20.6,20.99,20.85,0.13999999999999702,0.67,6714.0,14062.753
001255.SZ,2024-08-20,21.35,21.42,20.52,20.57,20.99,-0.41999999999999815,-2.0,8323.0,17331.745
001255.SZ,2024-08-21,20.43,20.74,20.25,20.57,20.57,0.0,0.0,3868.0,7953.226
001255.SZ,2024-08-22,20.58,20.71,20.02,20.02,20.57,-0.5500000000000007,-2.67,4107.0,8362.765
001255.SZ,2024-08-23,20.02,20.37,19.48,19.87,20.02,-0.14999999999999858,-0.75,6268.11,12507.303
001255.SZ,2024-08-26,19.92,20.48,19.89,20.31,19.87,0.4399999999999977,2.21,5119.0,10376.238
001255.SZ,2024-08-27,20.32,20.32,19.78,19.85,20.31,-0.4599999999999973,-2.26,3214.0,6422.216
001255.SZ,2024-08-28,19.77,20.37,19.66,19.95,19.85,0.09999999999999787,0.5,3947.0,7938.014
001255.SZ,2024-08-29,19.93,20.42,19.79,20.36,19.95,0.41000000000000014,2.06,6372.0,12904.663
001255.SZ,2024-08-30,20.35,20.8,20.3,20.57,20.36,0.21000000000000085,1.03,6288.0,12973.698
001255.SZ,2024-09-02,20.57,20.84,20.42,20.42,20.57,-0.14999999999999858,-0.73,7552.0,15593.872
001255.SZ,2024-09-03,20.42,20.74,20.24,20.38,20.42,-0.0400000000000027,-0.2,4427.0,9080.285
001255.SZ,2024-09-04,20.37,20.97,20.18,20.84,20.38,0.46000000000000085,2.26,9919.0,20540.379
001255.SZ,2024-09-05,20.84,21.53,20.68,21.37,20.84,0.5300000000000011,2.54,10439.0,22075.76
001255.SZ,2024-09-06,21.74,22.47,20.24,20.34,21.37,-1.0300000000000011,-4.82,27586.0,58989.926
001255.SZ,2024-09-09,20.0,20.52,19.63,20.16,20.34,-0.17999999999999972,-0.88,12729.0,25579.15
001255.SZ,2024-09-10,20.34,20.34,19.97,20.13,20.16,-0.030000000000001137,-0.15,5721.82,11527.227
001255.SZ,2024-09-11,20.05,20.59,20.05,20.24,20.13,0.10999999999999943,0.55,4743.82,9632.671
001255.SZ,2024-09-12,20.49,20.5,19.87,20.01,20.24,-0.22999999999999687,-1.14,6969.93,14124.309
001255.SZ,2024-09-13,20.2,20.2,19.54,19.62,20.01,-0.39000000000000057,-1.95,7095.0,14023.205
001255.SZ,2024-09-18,19.67,19.8,18.72,18.99,19.62,-0.6300000000000026,-3.21,8371.0,15930.296
001255.SZ,2024-09-19,19.25,19.57,18.93,19.35,18.99,0.360000000000003,1.9,8152.0,15735.758
001255.SZ,2024-09-20,19.53,19.53,18.97,19.36,19.35,0.00999999999999801,0.05,6535.0,12574.222
001255.SZ,2024-09-23,19.32,19.57,19.13,19.21,19.36,-0.14999999999999858,-0.77,5435.0,10520.606
001255.SZ,2024-09-24,19.38,19.82,19.22,19.79,19.21,0.5799999999999983,3.02,8033.0,15701.787
001255.SZ,2024-09-25,19.93,20.21,19.81,19.92,19.79,0.13000000000000256,0.66,9282.82,18638.465
001255.SZ,2024-09-26,19.8,20.25,19.8,20.22,19.92,0.29999999999999716,1.51,8166.0,16396.451
001255.SZ,2024-09-27,20.43,21.45,20.36,21.23,20.22,1.0100000000000016,5.0,13862.0,28981.963
001255.SZ,2024-09-30,22.17,23.36,21.55,23.36,21.23,2.129999999999999,10.03,22766.1,51620.737
001255.SZ,2024-10-08,25.7,25.7,22.95,24.43,23.36,1.0700000000000003,4.58,28890.67,70025.099
001255.SZ,2024-10-09,23.61,23.94,22.03,23.17,24.43,-1.259999999999998,-5.16,26586.01,61313.927
001255.SZ,2024-10-10,23.26,24.27,22.77,24.0,23.17,0.8299999999999983,3.58,35544.0,84534.222
001255.SZ,2024-10-11,23.87,24.47,23.48,23.91,24.0,-0.08999999999999986,-0.37,36102.59,86288.527
001255.SZ,2024-10-14,24.42,24.63,23.47,23.92,23.91,0.010000000000001563,0.04,24978.1,59744.635
001255.SZ,2024-10-15,23.92,24.21,23.63,23.92,23.92,0.0,0.0,31285.0,74977.787
001255.SZ,2024-10-16,23.24,24.12,23.14,23.98,23.92,0.05999999999999872,0.25,26010.49,62129.594
001255.SZ,2024-10-17,23.98,24.61,23.84,24.09,23.98,0.10999999999999943,0.46,28943.0,70339.14
001255.SZ,2024-10-18,23.97,25.27,23.27,23.83,24.09,-0.26000000000000156,-1.08,39418.0,94486.935
001255.SZ,2024-10-21,23.83,24.25,23.28,23.96,23.83,0.13000000000000256,0.55,28547.4,67872.788
001255.SZ,2024-10-22,23.82,24.77,23.82,24.47,23.96,0.509999999999998,2.13,25912.0,63175.024
001255.SZ,2024-10-23,24.37,24.97,23.98,24.36,24.47,-0.10999999999999943,-0.45,27719.4,67782.504
001255.SZ,2024-10-24,24.18,25.26,23.85,24.48,24.36,0.120000000000001,0.49,21849.0,53885.374
001255.SZ,2024-10-25,24.13,25.7,24.13,25.41,24.48,0.9299999999999997,3.8,38034.4,95503.662
001255.SZ,2024-10-28,25.15,25.2,24.47,24.97,25.41,-0.4400000000000013,-1.73,26169.0,64771.513
001255.SZ,2024-10-29,24.97,24.97,24.09,24.17,24.97,-0.7999999999999972,-3.2,15591.6,38112.319
001255.SZ,2024-10-30,24.2,24.36,23.2,23.46,24.17,-0.7100000000000009,-2.94,17702.0,41939.833
001255.SZ,2024-10-31,23.59,23.96,23.47,23.84,23.46,0.379999999999999,1.62,13154.77,31258.534
001255.SZ,2024-11-01,23.92,24.21,23.07,23.21,23.84,-0.629999999999999,-2.64,13006.0,30647.775
001255.SZ,2024-11-04,23.06,23.73,22.82,23.69,23.21,0.4800000000000004,2.07,8086.77,18993.752
001255.SZ,2024-11-05,24.06,25.17,23.74,24.77,23.69,1.0799999999999983,4.56,25637.0,63114.395
001255.SZ,2024-11-06,24.87,24.87,24.17,24.3,24.77,-0.46999999999999886,-1.9,17137.0,41867.985
001255.SZ,2024-11-07,24.22,24.43,24.0,24.42,24.3,0.120000000000001,0.49,10731.0,26120.269
001255.SZ,2024-11-08,24.43,24.63,24.22,24.27,24.42,-0.15000000000000213,-0.61,12913.0,31536.937
001255.SZ,2024-11-11,24.19,24.75,24.19,24.63,24.27,0.35999999999999943,1.48,16591.0,40789.321
001255.SZ,2024-11-12,25.17,27.1,24.88,27.1,24.63,2.4700000000000024,10.03,49027.0,129176.261
001255.SZ,2024-11-13,27.45,29.77,26.67,29.56,27.1,2.4599999999999973,9.08,78708.01,221375.157
001255.SZ,2024-11-14,29.02,30.86,27.76,28.87,29.56,-0.6899999999999977,-2.33,61506.0,177613.725
001255.SZ,2024-11-15,27.48,31.76,27.46,31.76,28.87,2.8900000000000006,10.01,58984.64,178068.098
001255.SZ,2024-11-18,32.03,34.93,32.03,34.93,31.76,3.169999999999998,9.98,44316.95,149682.767
001255.SZ,2024-11-19,34.93,38.43,33.18,36.74,34.93,1.8100000000000023,5.18,88169.41,326045.583
001255.SZ,2024-11-20,34.85,40.42,33.13,40.42,36.74,3.6799999999999997,10.02,97781.05,364177.267
001255.SZ,2024-11-21,40.47,40.85,36.37,36.37,40.42,-4.050000000000004,-10.02,89030.64,341477.461
001255.SZ,2024-11-22,33.87,35.55,32.74,32.77,36.37,-3.5999999999999943,-9.9,71363.05,239840.413
001255.SZ,2024-11-25,32.46,32.46,29.67,30.51,32.77,-2.2600000000000016,-6.9,54366.34,166515.077
001255.SZ,2024-11-26,30.26,32.41,29.46,31.41,30.51,0.8999999999999986,2.95,69040.81,211202.668
001255.SZ,2024-11-27,30.41,30.41,28.56,29.9,31.41,-1.5100000000000016,-4.81,46058.47,135536.456
001255.SZ,2024-11-28,29.54,30.25,29.46,29.84,29.9,-0.05999999999999872,-0.2,31462.54,93829.562
001255.SZ,2024-11-29,29.94,30.26,28.81,29.7,29.84,-0.14000000000000057,-0.47,30991.34,91821.08
001255.SZ,2024-12-02,29.71,30.66,29.53,30.49,29.7,0.7899999999999991,2.66,39868.0,120384.9
001255.SZ,2024-12-03,30.5,31.33,30.24,30.78,30.49,0.2900000000000027,0.95,36425.71,112358.713
001255.SZ,2024-12-04,30.52,32.78,30.37,31.82,30.78,1.0399999999999991,3.38,43593.05,137401.193
001255.SZ,2024-12-05,31.52,31.92,30.87,31.85,31.82,0.030000000000001137,0.09,31925.34,100229.388
001255.SZ,2024-12-06,31.76,33.36,31.51,32.92,31.85,1.0700000000000003,3.36,41038.34,134431.429
001255.SZ,2024-12-09,32.91,36.21,32.49,34.73,32.92,1.8099999999999952,5.5,90040.71,315763.393
001255.SZ,2024-12-10,34.72,34.72,32.4,32.43,34.73,-2.299999999999997,-6.62,68212.0,227976.454
001255.SZ,2024-12-11,31.88,31.91,30.17,30.87,32.43,-1.5599999999999987,-4.81,46369.71,142601.24
001255.SZ,2024-12-12,30.76,31.56,30.48,31.53,30.87,0.6600000000000001,2.14,28857.71,89503.971
001255.SZ,2024-12-13,31.01,31.41,30.56,30.71,31.53,-0.8200000000000003,-2.6,20369.04,63015.022
001255.SZ,2024-12-16,30.47,31.3,30.27,30.79,30.71,0.0799999999999983,0.26,16696.86,51405.297
001255.SZ,2024-12-17,30.78,30.78,29.08,29.31,30.79,-1.4800000000000004,-4.81,22580.5,67582.633
001255.SZ,2024-12-18,29.31,29.85,28.58,29.56,29.31,0.25,0.85,14102.0,41446.527
001255.SZ,2024-12-19,29.1,29.92,28.86,29.92,29.56,0.360000000000003,1.22,11056.0,32704.915
001255.SZ,2024-12-20,29.78,30.17,29.63,29.84,29.92,-0.08000000000000185,-0.27,11013.64,32968.731
001255.SZ,2024-12-23,29.57,30.22,28.25,28.35,29.84,-1.4899999999999984,-4.99,14921.0,42924.671
001255.SZ,2024-12-24,28.32,29.01,27.99,28.69,28.35,0.33999999999999986,1.2,9991.05,28541.359
001255.SZ,2024-12-25,28.68,28.68,27.07,27.32,28.69,-1.370000000000001,-4.78,12292.71,33891.709
001255.SZ,2024-12-26,27.38,28.06,27.28,27.81,27.32,0.48999999999999844,1.79,11458.0,31931.523
001255.SZ,2024-12-27,27.86,29.26,27.81,28.99,27.81,1.1799999999999997,4.24,17807.34,51205.173
001255.SZ,2024-12-30,28.66,29.85,28.01,29.18,28.99,0.19000000000000128,0.66,22458.34,65616.867
001255.SZ,2024-12-31,29.18,29.25,28.12,28.35,29.18,-0.8299999999999983,-2.84,11448.64,32813.296
001255.SZ,2025-01-02,28.08,28.7,27.86,27.97,28.35,-0.38000000000000256,-1.34,11552.0,32615.102
001255.SZ,2025-01-03,28.36,28.45,27.19,27.28,27.97,-0.6899999999999977,-2.47,11999.0,33272.137
001255.SZ,2025-01-06,27.28,29.56,26.4,29.21,27.28,1.9299999999999997,7.07,23892.0,68559.079
001255.SZ,2025-01-07,29.78,30.2,28.93,30.2,29.21,0.9899999999999984,3.39,21790.0,64932.224
001255.SZ,2025-01-08,29.95,30.29,29.49,30.06,30.2,-0.14000000000000057,-0.46,14599.0,43703.43
001255.SZ,2025-01-09,30.08,30.53,29.91,30.44,30.06,0.38000000000000256,1.26,15272.0,46315.162
001255.SZ,2025-01-10,30.45,30.45,29.66,29.71,30.44,-0.7300000000000004,-2.4,12119.0,36385.166
001255.SZ,2025-01-13,29.48,31.86,28.99,31.76,29.71,2.0500000000000007,6.9,30785.36,95491.044
001255.SZ,2025-01-14,31.54,34.76,31.01,32.56,31.76,0.8000000000000007,2.52,86325.4,284721.877
001255.SZ,2025-01-15,31.31,31.31,29.3,29.3,32.56,-3.2600000000000016,-10.01,53279.7,158622.168
001255.SZ,2025-01-16,27.78,29.5,27.78,29.29,29.3,-0.010000000000001563,-0.03,41419.7,118249.001
001255.SZ,2025-01-17,28.84,32.22,28.66,32.22,29.29,2.9299999999999997,10.0,69751.98,216078.501
001255.SZ,2025-01-20,32.03,32.54,30.73,31.06,32.22,-1.1600000000000001,-3.6,65638.7,207958.258
001255.SZ,2025-01-21,31.61,31.68,29.78,30.48,31.06,-0.5799999999999983,-1.87,32137.0,97922.887
001255.SZ,2025-01-22,30.46,30.72,29.7,29.7,30.48,-0.7800000000000011,-2.56,27637.99,83314.967
001255.SZ,2025-01-23,29.8,31.41,29.76,30.76,29.7,1.0600000000000023,3.57,39771.0,121817.594
001255.SZ,2025-01-24,29.99,30.64,28.96,30.64,30.76,-0.120000000000001,-0.39,35758.0,106935.334
001255.SZ,2025-01-27,30.55,30.65,29.79,29.79,30.64,-0.8500000000000014,-2.77,15630.0,47171.929
001255.SZ,2025-02-05,29.97,30.0,29.14,29.2,29.79,-0.5899999999999999,-1.98,15776.0,46562.951
001255.SZ,2025-02-06,29.1,30.27,28.99,30.27,29.2,1.0700000000000003,3.66,19117.0,56996.881
001255.SZ,2025-02-07,30.78,31.31,29.9,30.63,30.27,0.35999999999999943,1.19,25770.0,79450.039
001255.SZ,2025-02-10,30.96,30.96,30.26,30.74,30.63,0.10999999999999943,0.36,15400.0,47063.276
001255.SZ,2025-02-11,30.74,30.9,30.26,30.71,30.74,-0.029999999999997584,-0.1,15889.99,48623.369
001255.SZ,2025-02-12,30.66,32.16,30.53,30.95,30.71,0.23999999999999844,0.78,18727.3,58156.154
001255.SZ,2025-02-13,30.81,31.3,30.11,30.17,30.95,-0.7799999999999976,-2.52,17687.0,54179.985
001255.SZ,2025-02-14,30.16,30.54,29.54,29.72,30.17,-0.45000000000000284,-1.49,14076.0,42133.603
001255.SZ,2025-02-17,29.7,30.02,29.49,29.77,29.72,0.05000000000000071,0.17,12557.0,37398.431
001255.SZ,2025-02-18,29.96,29.96,28.76,28.99,29.77,-0.7800000000000011,-2.62,12563.0,36939.848
001255.SZ,2025-02-19,29.02,29.78,28.66,29.63,28.99,0.6400000000000006,2.21,8794.0,25985.538
001255.SZ,2025-02-20,29.59,30.3,29.35,29.82,29.63,0.19000000000000128,0.64,13023.0,38970.025
001255.SZ,2025-02-21,29.76,29.76,29.06,29.23,29.82,-0.5899999999999999,-1.98,14128.0,41396.971
001255.SZ,2025-02-24,29.33,29.46,28.96,29.19,29.23,-0.03999999999999915,-0.14,10327.0,30220.888
001255.SZ,2025-02-25,29.16,29.31,28.85,29.06,29.19,-0.13000000000000256,-0.45,9135.0,26598.517
001255.SZ,2025-02-26,29.09,29.41,28.97,29.07,29.06,0.010000000000001563,0.03,8799.7,25643.005
001255.SZ,2025-02-27,29.18,29.18,28.37,28.93,29.07,-0.14000000000000057,-0.48,11106.0,31994.696
001255.SZ,2025-02-28,28.66,28.86,28.03,28.14,28.93,-0.7899999999999991,-2.73,9019.0,25707.539
001255.SZ,2025-03-03,28.35,28.76,28.15,28.35,28.14,0.21000000000000085,0.75,9130.0,25999.279
001255.SZ,2025-03-04,28.41,28.58,28.05,28.47,28.35,0.11999999999999744,0.42,5633.0,16030.426
001255.SZ,2025-03-05,28.87,28.87,28.07,28.27,28.47,-0.1999999999999993,-0.7,7848.0,22184.043
001255.SZ,2025-03-06,28.61,28.66,27.96,28.63,28.27,0.35999999999999943,1.27,9543.0,27190.934
001255.SZ,2025-03-07,28.5,28.91,28.41,28.57,28.63,-0.05999999999999872,-0.21,6825.0,19590.585
001255.SZ,2025-03-10,28.76,29.06,28.54,29.0,28.57,0.4299999999999997,1.51,9169.0,26532.78
001255.SZ,2025-03-11,28.75,28.96,28.46,28.91,29.0,-0.08999999999999986,-0.31,7244.0,20840.333
001255.SZ,2025-03-12,29.01,29.24,28.82,28.96,28.91,0.05000000000000071,0.17,8800.89,25550.488
001255.SZ,2025-03-13,28.96,29.11,28.21,28.48,28.96,-0.4800000000000004,-1.66,6947.0,19839.386
001255.SZ,2025-03-14,28.66,28.89,28.16,28.78,28.48,0.3000000000000007,1.05,8974.17,25736.57
001255.SZ,2025-03-17,28.81,29.14,28.79,29.06,28.78,0.2799999999999976,0.97,8571.0,24874.306
001255.SZ,2025-03-18,29.18,29.31,28.98,29.3,29.06,0.240000000000002,0.83,8461.0,24710.24
001255.SZ,2025-03-19,29.4,29.44,28.89,28.97,29.3,-0.33000000000000185,-1.13,8520.17,24777.876
001255.SZ,2025-03-20,28.96,29.2,28.58,28.84,28.97,-0.129999999999999,-0.45,6867.0,19830.488
001255.SZ,2025-03-21,28.94,28.94,28.27,28.44,28.84,-0.3999999999999986,-1.39,7015.0,20045.049
001255.SZ,2025-03-24,28.46,28.66,26.98,27.41,28.44,-1.0300000000000011,-3.62,10368.0,28686.882
001255.SZ,2025-03-25,27.43,27.95,26.98,27.71,27.41,0.3000000000000007,1.09,8334.0,22963.672
001255.SZ,2025-03-26,27.71,28.4,27.09,28.33,27.71,0.6199999999999974,2.24,9159.0,25884.842
001255.SZ,2025-03-27,28.39,28.51,27.77,27.97,28.33,-0.35999999999999943,-1.27,5560.0,15651.807
001255.SZ,2025-03-28,27.96,27.96,26.84,26.93,27.97,-1.0399999999999991,-3.72,9996.0,27199.691
001255.SZ,2025-03-31,27.43,27.43,26.06,26.57,26.93,-0.35999999999999943,-1.34,8044.0,21297.755
001255.SZ,2025-04-01,26.59,27.7,26.57,27.35,26.57,0.7800000000000011,2.94,10547.0,28816.193
001255.SZ,2025-04-02,27.32,27.7,27.09,27.36,27.35,0.00999999999999801,0.04,5871.0,16155.004
001255.SZ,2025-04-03,27.5,27.5,26.73,27.27,27.36,-0.08999999999999986,-0.33,6481.0,17596.822
001255.SZ,2025-04-07,26.7,26.7,24.55,24.55,27.27,-2.719999999999999,-9.97,8195.0,20417.252
001255.SZ,2025-04-08,24.55,24.87,22.57,23.25,24.55,-1.3000000000000007,-5.3,17288.0,40602.621
001255.SZ,2025-04-09,23.2,24.1,21.36,24.02,23.25,0.7699999999999996,3.31,13921.0,31988.924
001255.SZ,2025-04-10,24.29,25.36,24.29,25.08,24.02,1.0599999999999987,4.41,11751.0,29428.555
001255.SZ,2025-04-11,25.02,25.86,24.47,25.42,25.08,0.3400000000000034,1.36,8363.0,21375.975
001255.SZ,2025-04-14,25.97,26.15,25.51,25.89,25.42,0.46999999999999886,1.85,6527.0,16940.321
001255.SZ,2025-04-15,25.86,26.24,25.6,26.05,25.89,0.16000000000000014,0.62,7398.0,19159.532
001255.SZ,2025-04-16,26.06,26.32,25.03,25.33,26.05,-0.7200000000000024,-2.76,7332.0,18698.601
001255.SZ,2025-04-17,25.3,25.97,25.03,25.44,25.33,0.11000000000000298,0.43,9954.0,25627.913
001255.SZ,2025-04-18,25.47,25.62,24.97,25.17,25.44,-0.2699999999999996,-1.06,6859.0,17310.197
001255.SZ,2025-04-21,24.98,25.8,24.98,25.59,25.17,0.41999999999999815,1.67,8260.0,21128.998
001255.SZ,2025-04-22,25.73,25.92,25.53,25.73,25.59,0.14000000000000057,0.55,6423.5,16554.683
001255.SZ,2025-04-23,25.73,25.95,25.67,25.91,25.73,0.17999999999999972,0.7,9554.0,24732.472
001255.SZ,2025-04-24,25.91,26.05,25.42,25.58,25.91,-0.33000000000000185,-1.27,7515.5,19380.523
001255.SZ,2025-04-25,25.81,28.13,23.97,28.13,25.58,2.5500000000000007,9.97,56023.89,149782.392
001255.SZ,2025-04-28,28.69,29.29,26.17,26.92,28.13,-1.2099999999999973,-4.3,64959.66,177164.507
001255.SZ,2025-04-29,26.66,27.12,26.27,26.97,26.92,0.04999999999999716,0.19,36443.16,97599.868
001255.SZ,2025-04-30,26.83,27.46,26.57,26.57,26.97,-0.3999999999999986,-1.48,26824.5,72212.036
001255.SZ,2025-05-06,26.97,28.94,26.82,28.16,26.57,1.5899999999999999,5.98,42226.0,117071.084
001255.SZ,2025-05-07,28.46,28.72,27.76,28.1,28.16,-0.05999999999999872,-0.21,25278.0,71385.959
001255.SZ,2025-05-08,27.96,28.48,27.77,28.33,28.1,0.22999999999999687,0.82,16714.0,47182.548
001255.SZ,2025-05-09,29.02,29.35,27.91,28.05,28.33,-0.2799999999999976,-0.99,25392.0,72597.618
001255.SZ,2025-05-12,28.04,28.61,27.82,28.56,28.05,0.509999999999998,1.82,19667.7,55754.063
001255.SZ,2025-05-13,28.76,29.64,28.46,29.63,28.56,1.0700000000000003,3.75,39686.7,116429.364
001255.SZ,2025-05-14,29.48,32.6,29.03,32.6,29.63,2.9700000000000024,10.02,47455.8,144842.854
001255.SZ,2025-05-15,32.02,32.06,30.46,30.59,32.6,-2.0100000000000016,-6.17,61924.0,191870.674
001255.SZ,2025-05-16,30.56,31.16,29.96,30.91,30.59,0.3200000000000003,1.05,41128.0,125833.674
001255.SZ,2025-05-19,31.27,34.01,30.98,31.96,30.91,1.0500000000000007,3.4,70408.0,231342.113
001255.SZ,2025-05-20,30.86,30.86,29.77,30.27,31.96,-1.6900000000000013,-5.29,57165.8,172799.462
001255.SZ,2025-05-21,29.97,30.25,29.39,29.62,30.27,-0.6499999999999986,-2.15,27733.0,82611.65
001255.SZ,2025-05-22,29.45,30.13,29.03,29.37,29.62,-0.25,-0.84,18536.3,54664.511
001255.SZ,2025-05-23,29.25,29.43,28.63,28.86,29.37,-0.5100000000000016,-1.74,17447.8,50849.711
001255.SZ,2025-05-26,28.81,30.21,28.56,29.95,28.86,1.0899999999999999,3.78,31150.0,93026.018
001255.SZ,2025-05-27,29.92,30.1,29.16,29.77,29.95,-0.17999999999999972,-0.6,18213.8,54065.524
001255.SZ,2025-05-28,29.78,30.81,29.55,30.18,29.77,0.41000000000000014,1.38,28344.2,85334.291
001255.SZ,2025-05-29,29.98,31.5,29.63,31.3,30.18,1.120000000000001,3.71,39929.8,123161.933
001255.SZ,2025-05-30,31.0,31.21,30.0,30.13,31.3,-1.1700000000000017,-3.74,24225.0,73536.899
001255.SZ,2025-06-03,29.83,29.93,29.29,29.48,30.13,-0.6499999999999986,-2.16,16667.8,49228.601
001255.SZ,2025-06-04,29.8,30.88,29.8,30.3,29.48,0.8200000000000003,2.78,17031.0,51531.576
001255.SZ,2025-06-05,30.4,30.44,29.92,30.0,30.3,-0.3000000000000007,-0.99,12284.0,36968.199
001255.SZ,2025-06-06,30.04,31.29,29.99,31.01,30.0,1.0100000000000016,3.37,30824.16,94887.052
001255.SZ,2025-06-09,30.98,31.44,30.51,31.35,31.01,0.33999999999999986,1.1,21623.24,67406.651
001255.SZ,2025-06-10,31.39,31.66,30.37,30.79,31.35,-0.5600000000000023,-1.79,17658.0,54552.77
001255.SZ,2025-06-11,30.8,31.33,30.65,30.71,30.79,-0.0799999999999983,-0.26,13352.64,41272.396
001255.SZ,2025-06-12,30.98,31.0,30.46,30.78,30.71,0.07000000000000028,0.23,11169.0,34291.691
001255.SZ,2025-06-13,30.45,31.3,30.22,30.88,30.78,0.09999999999999787,0.32,19423.0,59835.894
001255.SZ,2025-06-16,30.78,31.29,30.52,30.89,30.88,0.010000000000001563,0.03,17316.0,53642.302
001255.SZ,2025-06-17,30.9,31.07,30.3,30.56,30.89,-0.33000000000000185,-1.07,10275.0,31384.01
001255.SZ,2025-06-18,30.52,30.65,29.66,30.23,30.56,-0.3299999999999983,-1.08,10191.0,30818.075
001255.SZ,2025-06-19,30.53,30.53,29.18,29.49,30.23,-0.740000000000002,-2.45,10693.0,31926.548
001255.SZ,2025-06-20,29.49,30.03,29.07,29.38,29.49,-0.10999999999999943,-0.37,8278.0,24471.359
001255.SZ,2025-06-23,29.36,30.05,29.02,29.95,29.38,0.5700000000000003,1.94,8833.0,26325.859
001255.SZ,2025-06-24,30.02,31.08,29.98,30.86,29.95,0.9100000000000001,3.04,13728.0,42108.635
001255.SZ,2025-06-25,31.18,31.48,30.75,31.2,30.86,0.33999999999999986,1.1,15053.0,46874.312
001255.SZ,2025-06-26,31.03,31.66,30.87,31.28,31.2,0.08000000000000185,0.26,14845.0,46340.422
001255.SZ,2025-06-27,31.48,31.48,30.93,31.07,31.28,-0.21000000000000085,-0.67,10071.0,31341.501
001255.SZ,2025-06-30,31.0,32.6,30.92,32.27,31.07,1.2000000000000028,3.86,23144.0,73808.512
001255.SZ,2025-07-01,32.28,32.58,31.44,31.96,32.27,-0.3100000000000023,-0.96,16588.0,52835.203
001255.SZ,2025-07-02,32.44,35.16,31.84,35.16,31.96,3.1999999999999957,10.01,103813.9,356796.362
001255.SZ,2025-07-03,34.89,34.93,32.45,33.27,35.16,-1.8899999999999935,-5.38,100347.07,330895.607
001255.SZ,2025-07-04,33.0,33.0,31.98,32.1,33.27,-1.1700000000000017,-3.52,47844.86,153940.946
001255.SZ,2025-07-07,32.0,32.68,31.52,32.4,32.1,0.29999999999999716,0.93,36754.2,118063.201
001255.SZ,2025-07-08,32.24,32.75,31.67,32.6,32.4,0.20000000000000284,0.62,43025.67,138954.817
001255.SZ,2025-07-09,32.68,33.86,32.62,32.63,32.6,0.030000000000001137,0.09,61212.87,203200.387
001255.SZ,2025-07-10,32.12,33.25,32.12,32.85,32.63,0.21999999999999886,0.67,38994.17,127597.27
001255.SZ,2025-07-11,32.98,32.98,31.6,32.06,32.85,-0.7899999999999991,-2.4,31913.5,102090.715
001255.SZ,2025-07-14,32.3,33.18,31.98,33.07,32.06,1.009999999999998,3.15,36162.0,118259.907
001255.SZ,2025-07-15,32.98,33.0,31.92,32.15,33.07,-0.9200000000000017,-2.78,23011.0,74168.187
001255.SZ,2025-07-16,32.2,32.25,31.6,32.03,32.15,-0.11999999999999744,-0.37,14494.0,46447.65
001255.SZ,2025-07-17,32.35,32.35,31.83,32.11,32.03,0.0799999999999983,0.25,13136.2,42100.442
001255.SZ,2025-07-18,32.11,32.27,31.75,31.96,32.11,-0.14999999999999858,-0.47,11513.0,36775.008
001255.SZ,2025-07-21,32.37,33.77,32.2,33.29,31.96,1.3299999999999983,4.16,44178.0,146698.996
001255.SZ,2025-07-22,33.31,34.38,33.0,34.0,33.29,0.7100000000000009,2.13,53255.2,180199.141
001255.SZ,2025-07-23,35.1,35.28,32.95,32.98,34.0,-1.0200000000000031,-3.0,34896.0,116974.488
001255.SZ,2025-07-24,32.98,33.15,32.6,32.8,32.98,-0.17999999999999972,-0.55,22426.0,73477.79
001255.SZ,2025-07-25,32.8,32.91,32.23,32.75,32.8,-0.04999999999999716,-0.15,17271.0,56280.54
001255.SZ,2025-07-28,32.75,33.3,32.65,33.18,32.75,0.4299999999999997,1.31,16888.0,55702.324
001255.SZ,2025-07-29,33.13,33.18,32.45,32.88,33.18,-0.29999999999999716,-0.9,14705.0,48100.318
001255.SZ,2025-07-30,32.87,32.87,32.01,32.44,32.88,-0.44000000000000483,-1.34,12727.0,41265.231
001255.SZ,2025-07-31,32.4,32.83,32.0,32.1,32.44,-0.3399999999999963,-1.05,15051.0,48732.493
001255.SZ,2025-08-01,32.1,32.35,31.87,32.15,32.1,0.04999999999999716,0.16,10649.0,34229.761
001255.SZ,2025-08-04,32.14,32.66,31.67,32.65,32.15,0.5,1.56,14137.0,45733.923
001255.SZ,2025-08-05,32.65,33.06,32.58,32.88,32.65,0.23000000000000398,0.7,11276.0,37023.333
001255.SZ,2025-08-06,33.06,33.39,32.8,33.38,32.88,0.5,1.52,14748.0,48904.744
001255.SZ,2025-08-07,33.35,33.89,33.17,33.85,33.38,0.46999999999999886,1.41,22044.0,74052.966
001255.SZ,2025-08-08,33.85,33.99,33.5,33.98,33.85,0.12999999999999545,0.38,19693.0,66468.941
001255.SZ,2025-08-11,34.16,35.06,34.16,34.76,33.98,0.7800000000000011,2.3,33790.0,117040.606
001255.SZ,2025-08-12,34.59,34.86,34.01,34.5,34.76,-0.259999999999998,-0.75,26622.0,91464.017
001255.SZ,2025-08-13,34.33,34.88,34.23,34.42,34.5,-0.0799999999999983,-0.23,21212.0,73217.321
001255.SZ,2025-08-14,34.38,35.2,34.16,34.26,34.42,-0.1600000000000037,-0.46,26309.16,91132.133
001255.SZ,2025-08-15,34.35,34.98,34.01,34.5,34.26,0.240000000000002,0.7,16900.0,58367.116
001255.SZ,2025-08-18,35.28,35.45,34.36,34.46,34.5,-0.03999999999999915,-0.12,21296.0,73837.817
001255.SZ,2025-08-19,34.5,34.56,33.93,34.47,34.46,0.00999999999999801,0.03,15046.0,51612.234
001255.SZ,2025-08-20,34.47,34.69,34.07,34.63,34.47,0.1600000000000037,0.46,12289.0,42416.448
001255.SZ,2025-08-21,34.66,34.91,34.21,34.34,34.63,-0.28999999999999915,-0.84,14464.06,49948.452
001255.SZ,2025-08-22,34.55,34.55,33.76,34.04,34.34,-0.30000000000000426,-0.87,15387.5,52308.127
001255.SZ,2025-08-25,34.45,37.13,34.12,35.35,34.04,1.3100000000000023,3.85,54295.19,194950.361
001255.SZ,2025-08-26,35.29,36.29,35.01,35.64,35.35,0.28999999999999915,0.82,35686.0,127893.915
001255.SZ,2025-08-27,35.6,35.98,33.77,33.87,35.64,-1.7700000000000031,-4.97,31160.09,108522.12
001255.SZ,2025-08-28,33.8,34.57,32.52,33.88,33.87,0.010000000000005116,0.03,23823.8,79893.116
001255.SZ,2025-08-29,33.88,34.15,33.38,33.7,33.88,-0.17999999999999972,-0.53,13001.6,43735.521
001255.SZ,2025-09-01,33.7,34.23,33.26,33.84,33.7,0.14000000000000057,0.42,13434.06,45454.035
001255.SZ,2025-09-02,33.69,33.77,31.69,32.75,33.84,-1.0900000000000034,-3.22,24924.15,81086.916
001255.SZ,2025-09-03,32.75,33.24,31.8,31.92,32.75,-0.8299999999999983,-2.53,12557.47,40729.389
001255.SZ,2025-09-04,31.92,32.99,31.63,32.2,31.92,0.28000000000000114,0.88,17464.6,56699.074
001255.SZ,2025-09-05,32.22,32.97,32.19,32.62,32.2,0.4199999999999946,1.3,9527.0,31050.101
001255.SZ,2025-09-08,32.53,33.57,32.53,33.49,32.62,0.8700000000000045,2.67,12653.2,41957.995
001255.SZ,2025-09-09,33.46,33.65,32.82,33.02,33.49,-0.46999999999999886,-1.4,8217.0,27301.655
001255.SZ,2025-09-10,32.99,33.2,32.65,32.92,33.02,-0.10000000000000142,-0.3,7923.63,26102.847
001255.SZ,2025-09-11,32.91,33.47,32.45,32.95,32.92,0.030000000000001137,0.09,15626.0,51420.039
001255.SZ,2025-09-12,33.1,33.16,32.61,32.94,32.95,-0.010000000000005116,-0.03,9310.0,30609.441
001255.SZ,2025-09-15,32.72,33.28,32.53,32.83,32.94,-0.10999999999999943,-0.33,10392.0,34208.558
001255.SZ,2025-09-16,32.81,33.16,32.46,32.88,32.83,0.05000000000000426,0.15,8400.0,27597.44
001255.SZ,2025-09-17,32.85,33.12,32.53,32.63,32.88,-0.25,-0.76,8354.0,27435.05
001255.SZ,2025-09-18,32.63,32.63,31.53,31.72,32.63,-0.9100000000000037,-2.79,13480.0,43321.029
001255.SZ,2025-09-19,31.88,31.94,31.2,31.61,31.72,-0.10999999999999943,-0.35,8652.0,27320.035
001255.SZ,2025-09-22,31.61,31.77,31.0,31.4,31.61,-0.21000000000000085,-0.66,8531.0,26758.761
001255.SZ,2025-09-23,31.4,31.45,29.77,31.1,31.4,-0.29999999999999716,-0.96,10927.0,33427.869
001255.SZ,2025-09-24,31.07,32.37,30.79,32.31,31.1,1.2100000000000009,3.89,11845.0,37822.8
001255.SZ,2025-09-25,32.26,32.48,31.62,31.73,32.31,-0.5800000000000018,-1.8,9180.0,29354.327
001255.SZ,2025-09-26,31.72,32.4,31.42,31.9,31.73,0.16999999999999815,0.54,8931.0,28550.283
001255.SZ,2025-09-29,32.06,32.79,31.41,32.39,31.9,0.490000000000002,1.54,10716.01,34621.621
001255.SZ,2025-09-30,32.33,32.97,31.92,32.42,32.39,0.030000000000001137,0.09,11370.2,37008.744
001255.SZ,2025-10-09,32.1,32.42,31.2,31.65,32.42,-0.7700000000000031,-2.38,16157.0,51128.579
001255.SZ,2025-10-10,31.53,32.9,31.34,32.49,31.65,0.8400000000000034,2.65,16431.2,53277.956
001255.SZ,2025-10-13,31.8,32.87,30.5,32.71,32.49,0.21999999999999886,0.68,12235.2,39277.562
001255.SZ,2025-10-14,32.74,33.63,32.54,32.55,32.71,-0.1600000000000037,-0.49,17697.47,58362.395
001255.SZ,2025-10-15,32.56,33.45,32.34,32.64,32.55,0.09000000000000341,0.28,11847.8,38738.689
001255.SZ,2025-10-16,32.58,33.0,31.47,31.74,32.64,-0.9000000000000021,-2.76,11796.0,37806.689
001255.SZ,2025-10-17,31.58,34.91,30.96,31.34,31.74,-0.3999999999999986,-1.26,28382.38,91161.84
001255.SZ,2025-10-20,31.4,32.51,31.39,32.08,31.34,0.7399999999999984,2.36,25955.27,82513.974
001255.SZ,2025-10-21,32.0,32.3,31.7,32.1,32.08,0.020000000000003126,0.06,12355.68,39549.574
001255.SZ,2025-10-22,32.0,32.25,31.62,31.82,32.1,-0.28000000000000114,-0.87,11739.8,37494.178
001255.SZ,2025-10-23,31.85,32.98,31.42,32.9,31.82,1.0799999999999983,3.39,20687.01,67020.285
001255.SZ,2025-10-24,32.92,33.28,32.67,33.06,32.9,0.1600000000000037,0.49,14760.0,48743.551
001255.SZ,2025-10-27,33.22,33.5,32.9,33.45,33.06,0.39000000000000057,1.18,12694.0,42243.412
001255.SZ,2025-10-28,33.15,33.74,32.57,33.3,33.45,-0.15000000000000568,-0.45,18875.0,62341.072
001255.SZ,2025-10-29,33.14,33.89,32.7,33.73,33.3,0.4299999999999997,1.29,21575.38,71907.307
001255.SZ,2025-10-30,33.73,34.05,32.52,33.01,33.73,-0.7199999999999989,-2.13,21995.0,73434.664
001255.SZ,2025-10-31,33.75,33.82,32.71,32.9,33.01,-0.10999999999999943,-0.33,13708.0,45330.849
001255.SZ,2025-11-03,32.9,33.13,32.6,32.88,32.9,-0.01999999999999602,-0.06,10528.0,34559.935
001255.SZ,2025-11-04,32.6,36.17,32.34,36.17,32.88,3.289999999999999,10.01,48209.5,170603.532
001255.SZ,2025-11-05,38.5,39.79,38.1,39.79,36.17,3.6199999999999974,10.01,85721.01,339283.526
001255.SZ,2025-11-06,39.4,39.49,36.71,37.19,39.79,-2.6000000000000014,-6.53,116755.38,443222.29
001255.SZ,2025-11-07,36.37,37.62,36.18,37.53,37.19,0.3400000000000034,0.91,89627.71,329828.508
001255.SZ,2025-11-10,36.82,36.82,35.5,36.4,37.53,-1.1300000000000026,-3.01,56517.8,204573.127
001255.SZ,2025-11-11,36.45,37.13,35.8,36.95,36.4,0.5500000000000043,1.51,53192.96,194770.93
001255.SZ,2025-11-12,36.59,36.59,33.89,34.41,36.95,-2.5400000000000063,-6.87,54436.0,190014.241
001255.SZ,2025-11-13,34.41,34.85,34.0,34.79,34.41,0.38000000000000256,1.1,33843.45,116826.511
001255.SZ,2025-11-14,34.68,34.68,33.79,33.8,34.79,-0.990000000000002,-2.85,31288.51,106782.345
001255.SZ,2025-11-17,33.8,34.35,33.6,34.14,33.8,0.3400000000000034,1.01,23193.15,78744.292
001255.SZ,2025-11-18,34.0,34.13,33.56,34.08,34.14,-0.060000000000002274,-0.18,18337.0,62007.481
001255.SZ,2025-11-19,34.1,34.14,32.78,32.81,34.08,-1.269999999999996,-3.73,23775.0,78860.973
001255.SZ,2025-11-20,32.81,32.98,31.85,32.11,32.81,-0.7000000000000028,-2.13,18465.96,59556.505
001255.SZ,2025-11-21,32.42,32.43,30.13,30.24,32.11,-1.870000000000001,-5.82,23851.4,73996.209
001255.SZ,2025-11-24,30.27,30.71,29.88,30.55,30.24,0.3100000000000023,1.03,16674.4,50499.412
001255.SZ,2025-11-25,30.69,31.3,30.47,30.89,30.55,0.33999999999999986,1.11,13748.4,42536.916
001255.SZ,2025-11-26,31.0,31.3,30.28,30.31,30.89,-0.5800000000000018,-1.88,13362.0,41041.213
001255.SZ,2025-11-27,30.31,30.85,30.31,30.64,30.31,0.33000000000000185,1.09,10981.0,33669.242
001255.SZ,2025-11-28,30.64,31.08,30.42,31.03,30.64,0.39000000000000057,1.27,9654.0,29770.114
001255.SZ,2025-12-01,30.84,31.3,30.73,31.17,31.03,0.14000000000000057,0.45,14510.0,45121.75
001255.SZ,2025-12-02,31.15,32.0,30.82,31.38,31.17,0.2099999999999973,0.67,14389.0,45070.541
001255.SZ,2025-12-03,31.41,32.31,31.12,32.3,31.38,0.9199999999999982,2.93,27837.0,88699.019
001255.SZ,2025-12-04,32.14,32.45,31.27,31.27,32.3,-1.0299999999999976,-3.19,27856.0,88448.002
001255.SZ,2025-12-05,31.27,31.8,30.68,31.68,31.27,0.41000000000000014,1.31,13055.12,40992.086
001255.SZ,2025-12-08,31.69,31.99,31.54,31.92,31.68,0.240000000000002,0.76,11016.23,35081.448
001255.SZ,2025-12-09,31.75,32.37,31.62,32.14,31.92,0.21999999999999886,0.69,13823.0,44262.488
001255.SZ,2025-12-10,32.14,32.63,31.91,32.45,32.14,0.3100000000000023,0.96,14368.0,46441.233
001255.SZ,2025-12-11,32.45,32.45,31.43,31.5,32.45,-0.9500000000000028,-2.93,14687.12,46927.095
001255.SZ,2025-12-12,31.51,31.9,30.88,30.99,31.5,-0.5100000000000016,-1.62,11573.5,36344.535
001255.SZ,2025-12-15,31.26,31.3,30.44,30.95,30.99,-0.03999999999999915,-0.13,10439.5,32325.952
001255.SZ,2025-12-16,30.95,34.05,30.13,34.05,30.95,3.099999999999998,10.02,53492.86,178317.161
001255.SZ,2025-12-17,35.64,37.46,35.64,37.46,34.05,3.4100000000000037,10.01,96173.2,356061.173
001255.SZ,2025-12-18,39.29,41.21,34.46,41.21,37.46,3.75,10.01,73654.34,292023.742
001255.SZ,2025-12-19,37.12,39.65,37.09,37.09,41.21,-4.119999999999997,-10.0,91895.45,344758.53
001255.SZ,2025-12-22,34.56,35.24,33.44,33.88,37.09,-3.210000000000001,-8.65,97201.21,330827.113
001255.SZ,2025-12-23,33.31,33.5,32.0,32.13,33.88,-1.75,-5.17,65770.79,214843.072
001255.SZ,2025-12-24,31.55,32.55,31.55,32.51,32.13,0.37999999999999545,1.18,40892.66,132023.788
001255.SZ,2025-12-25,32.38,33.16,32.12,32.95,32.51,0.44000000000000483,1.35,45393.77,148445.109
001255.SZ,2025-12-26,32.63,33.12,32.3,32.73,32.95,-0.22000000000000597,-0.67,36204.12,117882.824
001255.SZ,2025-12-29,32.83,32.99,32.36,32.45,32.73,-0.27999999999999403,-0.86,24854.42,80943.443
001255.SZ,2025-12-30,32.29,32.55,31.87,32.16,32.45,-0.29000000000000625,-0.89,24354.3,78376.407
001255.SZ,2025-12-31,32.16,32.27,31.57,32.03,32.16,-0.12999999999999545,-0.4,18447.3,58834.522
001255.SZ,2026-01-05,32.04,32.59,31.8,32.56,32.03,0.5300000000000011,1.65,23390.0,75665.826
001255.SZ,2026-01-06,32.58,35.82,32.39,35.82,32.56,3.259999999999998,10.01,60377.0,208563.544
001255.SZ,2026-01-07,35.38,35.55,33.92,34.1,35.82,-1.7199999999999989,-4.8,83644.85,288108.975
001255.SZ,2026-01-08,33.76,34.69,33.65,34.26,34.1,0.1599999999999966,0.47,51527.56,176372.854
001255.SZ,2026-01-09,34.29,34.29,33.6,34.28,34.26,0.020000000000003126,0.06,39476.22,134311.982
001255.SZ,2026-01-12,34.29,37.71,33.99,37.71,34.28,3.4299999999999997,10.01,53487.52,189775.774
001255.SZ,2026-01-13,40.87,41.48,40.83,41.48,37.71,3.769999999999996,10.0,45144.35,186231.3
001255.SZ,2026-01-14,43.43,45.63,43.01,45.63,41.48,4.150000000000006,10.0,92153.43,414497.246
001255.SZ,2026-01-15,45.7,50.19,45.7,50.19,45.63,4.559999999999995,9.99,51266.87,248993.589
001255.SZ,2026-01-16,52.63,55.21,52.63,55.21,50.19,5.020000000000003,10.0,25468.51,137859.911
001255.SZ,2026-01-19,57.89,58.97,49.69,49.69,55.21,-5.520000000000003,-10.0,176001.63,892362.771
001255.SZ,2026-01-20,48.2,49.1,44.72,44.72,49.69,-4.969999999999999,-10.0,126755.12,573537.769
001255.SZ,2026-01-21,41.01,42.25,40.25,40.25,44.72,-4.469999999999999,-10.0,116878.36,473125.846
001255.SZ,2026-01-22,38.72,40.04,38.21,39.84,40.25,-0.4099999999999966,-1.02,76020.34,297522.339
001255.SZ,2026-01-23,39.45,41.88,39.25,41.87,39.84,2.029999999999994,5.1,85001.62,347514.212
001255.SZ,2026-01-26,41.4,41.4,39.41,39.61,41.87,-2.259999999999998,-5.4,59138.4,237141.97
001255.SZ,2026-01-27,39.9,40.38,39.03,40.22,39.61,0.6099999999999994,1.54,47224.9,188142.836
001255.SZ,2026-01-28,40.64,40.64,39.0,39.2,40.22,-1.019999999999996,-2.54,37906.0,150059.644
001255.SZ,2026-01-29,38.95,39.57,37.97,39.14,39.2,-0.060000000000002274,-0.15,29431.4,114709.489
001255.SZ,2026-01-30,39.0,39.73,38.02,39.64,39.14,0.5,1.28,32750.0,127439.848
001255.SZ,2026-02-02,39.75,41.09,39.64,40.43,39.64,0.7899999999999991,1.99,56661.44,228701.354
001255.SZ,2026-02-03,40.48,42.49,39.14,41.68,40.43,1.25,3.09,61666.52,250580.068
001255.SZ,2026-02-04,40.95,41.5,40.5,41.12,41.68,-0.5600000000000023,-1.34,38297.0,156779.426
001255.SZ,2026-02-05,40.59,40.6,39.29,39.3,41.12,-1.8200000000000003,-4.43,31649.0,125831.801
001255.SZ,2026-02-06,38.72,40.19,38.11,39.71,39.3,0.4100000000000037,1.04,26032.4,102894.024
001255.SZ,2026-02-09,40.08,40.5,39.71,40.23,39.71,0.519999999999996,1.31,28403.4,114181.831
001255.SZ,2026-02-10,40.2,40.57,39.95,40.25,40.23,0.020000000000003126,0.05,25510.58,102867.86
001255.SZ,2026-02-11,40.09,41.48,40.04,40.34,40.25,0.09000000000000341,0.22,31328.0,127347.926
001255.SZ,2026-02-12,40.35,41.1,39.6,40.49,40.34,0.14999999999999858,0.37,30435.0,123409.308
001255.SZ,2026-02-13,40.25,40.8,40.0,40.3,40.49,-0.19000000000000483,-0.47,20608.0,83159.807
001255.SZ,2026-02-24,40.33,41.5,40.33,41.44,40.3,1.1400000000000006,2.83,39021.0,160558.282
001255.SZ,2026-02-25,41.53,41.74,40.83,41.05,41.44,-0.39000000000000057,-0.94,31281.0,128271.241
001255.SZ,2026-02-26,40.85,41.2,40.69,41.11,41.05,0.060000000000002274,0.15,25841.0,105943.091
001255.SZ,2026-02-27,41.1,41.64,40.8,41.5,41.11,0.39000000000000057,0.95,26658.0,110048.773
001255.SZ,2026-03-02,40.9,41.4,39.8,40.26,41.5,-1.240000000000002,-2.99,32237.2,130174.815
001255.SZ,2026-03-03,40.46,40.74,38.43,38.48,40.26,-1.7800000000000011,-4.42,30104.4,118912.499
001255.SZ,2026-03-04,38.39,39.35,37.99,38.95,38.48,0.47000000000000597,1.22,18769.5,72831.138
001255.SZ,2026-03-05,39.42,40.13,39.35,39.79,38.95,0.8399999999999963,2.16,20271.0,80648.801
001255.SZ,2026-03-06,39.5,41.89,39.5,41.07,39.79,1.2800000000000011,3.22,37263.0,153311.999
